Log Number,Ozone,Cell Temp,Cell Pressure,Flow Rate,PDV,Date,Time
-1,0.03,27.3,970.7,805,1.5627,30/01/23,10:29:15
-1,0.03,27.3,971,808,1.5637,30/01/23,10:29:25
-1,0.03,27.4,970.2,785,1.5649,30/01/23,10:29:35
-1,0.03,27.6,970.5,843,1.5658,30/01/23,10:29:45
-1,0.03,27.5,969.9,861,1.5669,30/01/23,10:29:55
-1,0.03,27.8,970.9,847,1.5679,30/01/23,10:30:05
-1,0.03,27.8,971.4,792,1.569,30/01/23,10:30:15
-1,0.03,27.8,971.1,768,1.57,30/01/23,10:30:25
-1,0.03,27.8,970.3,761,1.5711,30/01/23,10:30:35
-1,0.03,27.8,970.5,771,1.572,30/01/23,10:30:45
-1,0.03,27.8,970.1,773,1.5731,30/01/23,10:30:55
-1,0.03,27.8,970.9,818,1.5741,30/01/23,10:31:05
-1,0.03,27.8,970.9,829,1.5751,30/01/23,10:31:15
-1,0.03,27.8,970,829,1.5761,30/01/23,10:31:25
-1,0.03,27.8,970.4,844,1.5772,30/01/23,10:31:35
-1,0.03,27.8,971.2,833,1.5781,30/01/23,10:31:45
-1,0.03,27.9,970.6,786,1.5791,30/01/23,10:31:55
-1,0.03,28.2,971.3,805,1.58,30/01/23,10:32:05
-1,0.03,28.2,971.9,836,1.5806,30/01/23,10:32:15
-1,0.07,28.3,971.5,822,1.5809,30/01/23,10:32:25
-1,0.17,28.3,971.2,851,1.5824,30/01/23,10:32:35
-1,0.29,28.3,971,840,1.5822,30/01/23,10:32:45
-1,0.41,28.3,969.7,823,1.5843,30/01/23,10:32:55
-1,0.56,28.3,970.4,855,1.5831,30/01/23,10:33:05
-1,0.73,28.3,969.7,844,1.5861,30/01/23,10:33:15
-1,0.81,28.3,970.2,830,1.5854,30/01/23,10:33:25
-1,0.76,28.3,970.5,822,1.5881,30/01/23,10:33:35
-1,0.68,28.3,969.9,837,1.5875,30/01/23,10:33:45
-1,0.63,28.3,971.5,831,1.5899,30/01/23,10:33:55
-1,0.63,28.4,970.6,835,1.589,30/01/23,10:34:05
-1,0.7,28.3,971,844,1.5917,30/01/23,10:34:15
-1,0.92,28.4,971.4,802,1.588,30/01/23,10:34:25
-1,1.44,28.7,971.6,780,1.5932,30/01/23,10:34:35
-1,2.18,28.7,971.3,782,1.5864,30/01/23,10:34:45
-1,2.82,28.7,970.3,782,1.5948,30/01/23,10:34:55
-1,3.29,28.8,969.4,788,1.5861,30/01/23,10:35:05
-1,3.68,28.8,969.9,817,1.5965,30/01/23,10:35:15
-1,3.91,28.8,970.7,847,1.5883,30/01/23,10:35:25
-1,3.84,28.8,969.8,848,1.5984,30/01/23,10:35:35
-1,3.63,28.8,971.5,851,1.5905,30/01/23,10:35:45
-1,3.54,28.8,970.7,837,1.6001,30/01/23,10:35:55
-1,3.58,28.8,971,832,1.5907,30/01/23,10:36:05
-1,3.86,28.8,971.3,818,1.6017,30/01/23,10:36:15
-1,4.38,28.9,970.3,834,1.5897,30/01/23,10:36:25
-1,4.92,28.8,969.6,824,1.6032,30/01/23,10:36:35
-1,5.39,29.1,970.5,827,1.5899,30/01/23,10:36:45
-1,5.66,29.2,970.3,814,1.6049,30/01/23,10:36:55
-1,5.78,29.2,970.4,807,1.5909,30/01/23,10:37:05
-1,5.91,29.2,970,807,1.6065,30/01/23,10:37:15
-1,6.12,29.2,969.8,827,1.5913,30/01/23,10:37:25
-1,6.35,29.2,970,817,1.6081,30/01/23,10:37:35
-1,6.57,29.2,969.5,832,1.592,30/01/23,10:37:45
-1,6.74,29.2,971.3,831,1.6097,30/01/23,10:37:55
-1,6.88,29.2,971.8,826,1.5934,30/01/23,10:38:05
-1,6.93,29.2,970,828,1.6114,30/01/23,10:38:15
-1,6.9,29.2,970.4,832,1.5948,30/01/23,10:38:25
-1,6.97,29.2,970.1,836,1.613,30/01/23,10:38:35
-1,7.06,29.3,970.3,834,1.598,30/01/23,10:38:45
-1,6.73,29.4,969.6,829,1.615,30/01/23,10:38:55
-1,6.02,29.5,969.5,829,1.6031,30/01/23,10:39:05
-1,5.39,29.4,972,820,1.6168,30/01/23,10:39:15
-1,4.95,29.7,971.6,830,1.6059,30/01/23,10:39:25
-1,4.7,29.7,971.5,838,1.6184,30/01/23,10:39:35
-1,4.59,29.7,974,845,1.6074,30/01/23,10:39:45
-1,4.59,29.7,972.8,861,1.6199,30/01/23,10:39:55
-1,4.69,29.7,972.4,846,1.609,30/01/23,10:40:05
-1,4.71,29.7,971.9,862,1.6214,30/01/23,10:40:15
-1,4.74,29.7,972.7,861,1.6098,30/01/23,10:40:25
-1,4.88,29.7,974.1,861,1.6228,30/01/23,10:40:35
-1,5.14,29.7,973.2,859,1.6097,30/01/23,10:40:45
-1,5.4,29.7,972.6,860,1.6243,30/01/23,10:40:55
-1,5.58,29.7,972.4,869,1.6107,30/01/23,10:41:05
-1,5.68,29.7,971.4,846,1.6258,30/01/23,10:41:15
-1,5.72,29.8,971.9,853,1.6115,30/01/23,10:41:25
-1,5.85,29.8,971.9,838,1.6271,30/01/23,10:41:35
-1,6.16,29.9,971.4,826,1.6115,30/01/23,10:41:45
-1,5.93,30.1,970.3,834,1.6303,30/01/23,10:41:55
-1,3.17,30.1,969.9,824,1.631,30/01/23,10:42:05
-1,0.4,30.2,973,833,1.6311,30/01/23,10:42:15
-1,0.9,30.2,973.2,844,1.6229,30/01/23,10:42:25
-1,2.9,30.2,972.6,842,1.6332,30/01/23,10:42:35
-1,3.02,30.2,973.1,855,1.6167,30/01/23,10:42:45
-1,3.44,30.2,971.8,840,1.6346,30/01/23,10:42:55
-1,4.3,30.2,973.3,848,1.6183,30/01/23,10:43:05
-1,4.96,30.2,973.6,845,1.6344,30/01/23,10:43:15
-1,6.13,30.2,974.3,850,1.6198,30/01/23,10:43:25
-1,6.09,30.2,970.9,856,1.6358,30/01/23,10:43:35
-1,6.1,30.2,972.3,845,1.6209,30/01/23,10:43:45
-1,6.01,30.2,970.7,845,1.6372,30/01/23,10:43:55
-1,5.86,30.2,970.7,844,1.6217,30/01/23,10:44:05
-1,6.09,30.2,970.3,838,1.6385,30/01/23,10:44:15
-1,6.35,30.4,971.3,834,1.6291,30/01/23,10:44:25
-1,5.77,30.4,972.4,823,1.6401,30/01/23,10:44:35
-1,5.31,30.6,972.4,842,1.6272,30/01/23,10:44:45
-1,5.48,30.7,971,840,1.6416,30/01/23,10:44:55
-1,5.66,30.7,971,845,1.6286,30/01/23,10:45:05
-1,5.59,30.7,972,848,1.6428,30/01/23,10:45:15
-1,5.45,30.7,971.6,847,1.6299,30/01/23,10:45:25
-1,5.47,30.7,971.2,847,1.6441,30/01/23,10:45:35
-1,5.62,30.7,969.9,845,1.6288,30/01/23,10:45:45
-1,6.01,30.7,971,847,1.6452,30/01/23,10:45:55
-1,6.17,30.7,971.8,841,1.6322,30/01/23,10:46:05
-1,5.77,30.7,972,841,1.6466,30/01/23,10:46:15
-1,5.48,30.7,971.5,844,1.6334,30/01/23,10:46:25
-1,5.5,30.8,971.2,846,1.6479,30/01/23,10:46:35
-1,5.68,30.7,969.9,846,1.6328,30/01/23,10:46:45
-1,6.03,30.8,970.2,844,1.6491,30/01/23,10:46:55
-1,6.18,30.9,970.3,834,1.6339,30/01/23,10:47:05
-1,6.2,31.2,969.2,834,1.6503,30/01/23,10:47:15
-1,6.31,31.2,970.1,837,1.6346,30/01/23,10:47:25
-1,6.4,31.2,969.1,842,1.6515,30/01/23,10:47:35
-1,6.4,31.2,971.5,841,1.6361,30/01/23,10:47:45
-1,6.3,31.2,970.9,839,1.6528,30/01/23,10:47:55
-1,6.07,31.2,971.1,835,1.6385,30/01/23,10:48:05
-1,5.91,31.2,971.5,838,1.654,30/01/23,10:48:15
-1,5.87,31.2,971.4,840,1.6399,30/01/23,10:48:25
-1,5.83,31.2,971.8,842,1.6553,30/01/23,10:48:35
-1,5.77,31.2,970.5,852,1.6406,30/01/23,10:48:45
-1,5.81,31.2,969.7,852,1.6564,30/01/23,10:48:55
-1,5.93,31.2,969.4,849,1.6415,30/01/23,10:49:05
-1,6.02,31.2,970.4,846,1.6575,30/01/23,10:49:15
-1,6.14,31.2,969.1,844,1.6419,30/01/23,10:49:25
-1,6.28,31.3,970.2,847,1.6586,30/01/23,10:49:35
-1,6.39,31.2,969.5,846,1.6428,30/01/23,10:49:45
-1,6.42,31.4,969.4,845,1.6597,30/01/23,10:49:55
-1,6.4,31.6,971.6,848,1.645,30/01/23,10:50:05
-1,6.27,31.5,970.4,853,1.6609,30/01/23,10:50:15
-1,6.2,31.7,970.2,851,1.6455,30/01/23,10:50:25
-1,6.25,31.6,972.1,852,1.662,30/01/23,10:50:35
-1,6.25,31.7,973.3,855,1.6468,30/01/23,10:50:45
-1,6.21,31.7,970.8,855,1.6631,30/01/23,10:50:55
-1,6.12,31.7,970.1,855,1.6484,30/01/23,10:51:05
-1,6.05,31.7,970.7,852,1.6643,30/01/23,10:51:15
-1,6,31.7,970.2,848,1.6497,30/01/23,10:51:25
-1,5.96,31.7,971.3,847,1.6653,30/01/23,10:51:35
-1,6.01,31.7,971.3,851,1.6499,30/01/23,10:51:45
-1,6.14,31.7,970.3,849,1.6663,30/01/23,10:51:55
-1,6.25,31.7,971,850,1.6507,30/01/23,10:52:05
-1,6.29,31.7,973.2,850,1.6673,30/01/23,10:52:15
-1,6.29,31.7,970.9,851,1.6519,30/01/23,10:52:25
-1,6.26,31.7,971.3,854,1.6684,30/01/23,10:52:35
-1,6.19,31.8,970.7,856,1.6532,30/01/23,10:52:45
-1,6.16,31.8,970.3,853,1.6694,30/01/23,10:52:55
-1,6.15,31.9,970.4,852,1.6552,30/01/23,10:53:05
-1,6.05,32,970.8,853,1.6704,30/01/23,10:53:15
-1,5.58,31.9,970.7,853,1.6728,30/01/23,10:53:25
-1,2.95,32,970.1,855,1.6726,30/01/23,10:53:35
-1,1.33,32.1,970.4,855,1.6677,30/01/23,10:53:45
-1,2,32.2,973.5,862,1.6743,30/01/23,10:53:55
-1,1.7,32.2,970.5,859,1.6584,30/01/23,10:54:05
-1,3.29,32.2,970.4,856,1.6735,30/01/23,10:54:15
-1,5.52,32.2,971,855,1.659,30/01/23,10:54:25
-1,5.8,32.2,971.1,853,1.6744,30/01/23,10:54:35
-1,5.83,32.2,971.4,852,1.6601,30/01/23,10:54:45
-1,4.95,32.2,970.7,853,1.6773,30/01/23,10:54:55
-1,2.27,32.2,969.7,855,1.6609,30/01/23,10:55:05
-1,2.47,32.2,971.1,858,1.6764,30/01/23,10:55:15
-1,5.19,32.2,970.9,862,1.6618,30/01/23,10:55:25
-1,5.89,32.2,969.7,861,1.6773,30/01/23,10:55:35
-1,5.83,32.2,970.4,858,1.6628,30/01/23,10:55:45
-1,5.82,32.2,970.3,856,1.6782,30/01/23,10:55:55
-1,5.9,32.2,969.8,854,1.6633,30/01/23,10:56:05
-1,5.97,32.2,970.5,857,1.6791,30/01/23,10:56:15
-1,5.99,32.2,970.3,858,1.6642,30/01/23,10:56:25
-1,6,32.3,969.6,861,1.68,30/01/23,10:56:35
-1,5.99,32.2,970.7,864,1.6651,30/01/23,10:56:45
-1,5.98,32.4,969.9,859,1.6809,30/01/23,10:56:55
-1,5.98,32.6,970.3,855,1.666,30/01/23,10:57:05
-1,5.99,32.4,970.6,861,1.6818,30/01/23,10:57:15
-1,6,32.6,970.6,855,1.6668,30/01/23,10:57:25
-1,6,32.6,970,855,1.6826,30/01/23,10:57:35
-1,6.01,32.7,970.5,861,1.6676,30/01/23,10:57:45
-1,6.02,32.6,971,867,1.6835,30/01/23,10:57:55
-1,6.02,32.7,971.1,874,1.6684,30/01/23,10:58:05
-1,6.03,32.7,971,876,1.6844,30/01/23,10:58:15
-1,6.03,32.7,970.9,872,1.6693,30/01/23,10:58:25
-1,6.03,32.7,970.7,858,1.6852,30/01/23,10:58:35
-1,6.03,32.7,969.7,848,1.6701,30/01/23,10:58:45
-1,6.03,32.7,969.8,846,1.686,30/01/23,10:58:55
-1,6.03,32.7,969.9,848,1.6709,30/01/23,10:59:05
-1,6.03,32.7,970.2,848,1.6868,30/01/23,10:59:15
-1,6.02,32.7,970.8,849,1.6717,30/01/23,10:59:25
-1,6.02,32.7,970.7,850,1.6876,30/01/23,10:59:35
-1,6.01,32.7,970.2,869,1.6726,30/01/23,10:59:45
-1,6,32.7,970,874,1.6884,30/01/23,10:59:55
-1,6,32.7,970,870,1.6733,30/01/23,11:00:05
-1,6.01,32.7,971,861,1.6892,30/01/23,11:00:15
-1,6.01,32.7,969.5,855,1.6741,30/01/23,11:00:25
-1,6.01,32.8,969.9,848,1.69,30/01/23,11:00:35
-1,6.01,32.8,970.3,865,1.6748,30/01/23,11:00:45
-1,6.02,33,969.6,859,1.6907,30/01/23,11:00:55
-1,6.02,33.1,970.9,851,1.6756,30/01/23,11:01:05
-1,6.02,32.9,969.3,859,1.6915,30/01/23,11:01:15
-1,6.03,33.1,970.8,856,1.6763,30/01/23,11:01:25
-1,6.03,33.1,969.7,863,1.6922,30/01/23,11:01:35
-1,6.03,33.1,970.4,878,1.677,30/01/23,11:01:45
-1,6.03,33.1,970.4,863,1.693,30/01/23,11:01:55
-1,6.04,33.1,969.6,863,1.6777,30/01/23,11:02:05
-1,6.04,33.1,970.7,868,1.6937,30/01/23,11:02:15
-1,6.04,33.1,971.2,867,1.6784,30/01/23,11:02:25
-1,6.04,33.1,969.9,875,1.6944,30/01/23,11:02:35
-1,6.04,33.1,970,872,1.6791,30/01/23,11:02:45
-1,6.04,33.1,970.8,872,1.6951,30/01/23,11:02:55
-1,6.04,33.1,969.8,868,1.6798,30/01/23,11:03:05
-1,6.04,33.1,971.1,869,1.6958,30/01/23,11:03:15
-1,6.04,33.1,970.5,865,1.6805,30/01/23,11:03:25
-1,6.04,33.1,970.7,860,1.6965,30/01/23,11:03:35
-1,6.04,33.1,970.6,868,1.6812,30/01/23,11:03:45
-1,6.04,33.1,970.7,867,1.6972,30/01/23,11:03:55
-1,6.04,33.1,970.7,869,1.6819,30/01/23,11:04:05
-1,6.04,33.1,971,861,1.6979,30/01/23,11:04:15
-1,6.04,33.1,970.6,873,1.6826,30/01/23,11:04:25
-1,6.04,33.2,970.5,871,1.6986,30/01/23,11:04:35
-1,6.05,33.2,969.4,874,1.6833,30/01/23,11:04:45
-1,6.05,33.2,969.7,861,1.6992,30/01/23,11:04:55
-1,6.04,33.3,971.4,866,1.6849,30/01/23,11:05:05
-1,5.95,33.3,970,867,1.6999,30/01/23,11:05:15
-1,5.91,33.3,969.8,872,1.6846,30/01/23,11:05:25
-1,6.01,33.4,969.6,871,1.7005,30/01/23,11:05:35
-1,6.05,33.5,970.2,869,1.6852,30/01/23,11:05:45
-1,6.05,33.5,970.3,870,1.7012,30/01/23,11:05:55
-1,6.03,33.4,969.3,861,1.686,30/01/23,11:06:05
-1,6.01,33.6,970,866,1.7018,30/01/23,11:06:15
-1,5.99,33.5,969.3,866,1.6866,30/01/23,11:06:25
-1,5.99,33.6,969.6,866,1.7025,30/01/23,11:06:35
-1,6.01,33.6,968.9,867,1.6872,30/01/23,11:06:45
-1,6.02,33.6,969.5,863,1.7031,30/01/23,11:06:55
-1,6.03,33.6,969.2,883,1.6877,30/01/23,11:07:05
-1,6.04,33.6,969.7,870,1.7037,30/01/23,11:07:15
-1,6.04,33.6,968.9,869,1.6883,30/01/23,11:07:25
-1,6.05,33.6,969.2,869,1.7043,30/01/23,11:07:35
-1,6.06,33.6,969.8,872,1.6889,30/01/23,11:07:45
-1,6.06,33.6,970.1,860,1.7049,30/01/23,11:07:55
-1,6.06,33.6,969.9,880,1.6895,30/01/23,11:08:05
-1,6.06,33.6,969.4,869,1.7055,30/01/23,11:08:15
-1,6.06,33.6,969.7,869,1.69,30/01/23,11:08:25
-1,6.06,33.6,969.3,871,1.7061,30/01/23,11:08:35
-1,6.06,33.6,970.7,883,1.6907,30/01/23,11:08:45
-1,6.06,33.6,969.6,879,1.7067,30/01/23,11:08:55
-1,6.05,33.6,970.3,872,1.6913,30/01/23,11:09:05
-1,6.05,33.6,969.4,876,1.7072,30/01/23,11:09:15
-1,6.05,33.6,969.8,853,1.6918,30/01/23,11:09:25
-1,6.04,33.6,969.8,874,1.7078,30/01/23,11:09:35
-1,6.04,33.6,969.6,860,1.6924,30/01/23,11:09:45
-1,6.05,33.7,970.2,866,1.7084,30/01/23,11:09:55
-1,6.04,33.6,970.2,888,1.6929,30/01/23,11:10:05
-1,6.04,33.7,969.3,862,1.7089,30/01/23,11:10:15
-1,6.04,33.7,969.2,858,1.6935,30/01/23,11:10:25
-1,6.04,33.7,969.9,873,1.7094,30/01/23,11:10:35
-1,6.04,33.8,970.3,860,1.6941,30/01/23,11:10:45
-1,6.03,33.7,969.5,885,1.71,30/01/23,11:10:55
-1,6.03,33.8,969.6,885,1.6946,30/01/23,11:11:05
-1,6.03,34,969.4,862,1.7106,30/01/23,11:11:15
-1,6.03,33.9,969.4,873,1.6952,30/01/23,11:11:25
-1,6.02,34.1,969.4,874,1.7111,30/01/23,11:11:35
-1,6.02,34,969.6,874,1.6957,30/01/23,11:11:45
-1,6.02,34.1,969.4,872,1.7116,30/01/23,11:11:55
-1,6.02,34,969.8,872,1.6962,30/01/23,11:12:05
-1,6.03,34.1,968.7,862,1.7122,30/01/23,11:12:15
-1,6.03,34.1,970,865,1.6967,30/01/23,11:12:25
-1,6.03,34.1,969.8,893,1.7127,30/01/23,11:12:35
-1,6.03,34.1,968.9,862,1.6972,30/01/23,11:12:45
-1,6.03,34.1,969,863,1.7132,30/01/23,11:12:55
-1,6.04,34.1,969.7,855,1.6977,30/01/23,11:13:05
-1,6.04,34.1,969.7,855,1.7137,30/01/23,11:13:15
-1,6.04,34.1,969.7,888,1.6982,30/01/23,11:13:25
-1,6.04,34.1,969.7,888,1.7141,30/01/23,11:13:35
-1,6.05,34.1,968.9,865,1.6987,30/01/23,11:13:45
-1,6.05,34.1,969.1,845,1.7146,30/01/23,11:13:55
-1,6.05,34.1,969.7,844,1.6992,30/01/23,11:14:05
-1,6.04,34.1,969.6,844,1.7151,30/01/23,11:14:15
-1,6.04,34.1,969.7,846,1.6997,30/01/23,11:14:25
-1,6.04,34.1,970.4,849,1.7156,30/01/23,11:14:35
-1,6.03,34.1,970.3,884,1.7001,30/01/23,11:14:45
-1,6.04,34.1,969.9,890,1.7161,30/01/23,11:14:55
-1,6.04,34.1,969.5,882,1.7006,30/01/23,11:15:05
-1,6.05,34.1,969.2,851,1.7165,30/01/23,11:15:15
-1,6.04,34.1,969.6,845,1.7011,30/01/23,11:15:25
-1,6.04,34.1,970.3,845,1.717,30/01/23,11:15:35
-1,6.04,34.1,970,889,1.7015,30/01/23,11:15:45
-1,6.03,34.1,969.6,905,1.7175,30/01/23,11:15:55
-1,6.03,34.1,969.4,905,1.702,30/01/23,11:16:05
-1,6.03,34.1,968.9,895,1.7179,30/01/23,11:16:15
-1,6.03,34.2,968.9,851,1.7024,30/01/23,11:16:25
-1,6.03,34.2,968.8,843,1.7184,30/01/23,11:16:35
-1,6.03,34.2,969.7,842,1.7029,30/01/23,11:16:45
-1,6.03,34.1,970.2,844,1.7188,30/01/23,11:16:55
-1,6.03,34.2,969,861,1.7033,30/01/23,11:17:05
-1,6.03,34.3,969.3,861,1.7192,30/01/23,11:17:15
-1,6.03,34.2,970.2,890,1.7038,30/01/23,11:17:25
-1,6.02,34.2,969.2,878,1.7197,30/01/23,11:17:35
-1,6.02,34.4,969.2,844,1.7042,30/01/23,11:17:45
-1,6.02,34.3,970.1,877,1.7201,30/01/23,11:17:55
-1,6.02,34.5,969,876,1.7046,30/01/23,11:18:05
-1,6.02,34.5,970.2,860,1.7205,30/01/23,11:18:15
-1,6.02,34.5,969.3,877,1.705,30/01/23,11:18:25
-1,6.02,34.5,970.3,871,1.721,30/01/23,11:18:35
-1,6.02,34.6,969,870,1.7055,30/01/23,11:18:45
-1,6.02,34.6,970.1,888,1.7214,30/01/23,11:18:55
-1,6.02,34.6,969.2,870,1.7059,30/01/23,11:19:05
-1,6.02,34.6,969.6,875,1.7218,30/01/23,11:19:15
-1,6.01,34.6,969.8,879,1.7063,30/01/23,11:19:25
-1,6.01,34.6,968.9,878,1.7222,30/01/23,11:19:35
-1,6.01,34.6,969.4,889,1.7067,30/01/23,11:19:45
-1,6.01,34.6,968.8,852,1.7226,30/01/23,11:19:55
-1,6,34.6,968.9,883,1.7071,30/01/23,11:20:05
-1,6,34.6,969.4,880,1.723,30/01/23,11:20:15
-1,6,34.6,969.6,872,1.7075,30/01/23,11:20:25
-1,6,34.6,968.7,883,1.7234,30/01/23,11:20:35
-1,6,34.6,968.3,882,1.7079,30/01/23,11:20:45
-1,6,34.6,969.9,874,1.7237,30/01/23,11:20:55
-1,5.99,34.6,969.3,873,1.7083,30/01/23,11:21:05
-1,5.99,34.6,968.7,882,1.7241,30/01/23,11:21:15
-1,5.99,34.6,968.8,867,1.7087,30/01/23,11:21:25
-1,5.99,34.6,968.3,858,1.7245,30/01/23,11:21:35
-1,5.99,34.6,969,871,1.709,30/01/23,11:21:45
-1,5.99,34.6,969.4,896,1.7249,30/01/23,11:21:55
-1,5.99,34.6,969.6,886,1.7094,30/01/23,11:22:05
-1,5.99,34.6,968.3,885,1.7252,30/01/23,11:22:15
-1,5.99,34.6,968.9,874,1.7098,30/01/23,11:22:25
-1,5.99,34.6,968.1,872,1.7256,30/01/23,11:22:35
-1,5.98,34.6,968.3,872,1.7102,30/01/23,11:22:45
-1,5.98,34.6,968.1,894,1.726,30/01/23,11:22:55
-1,5.99,34.6,968.3,896,1.7105,30/01/23,11:23:05
-1,5.99,34.6,968.2,876,1.7263,30/01/23,11:23:15
-1,5.98,34.6,968.8,863,1.7109,30/01/23,11:23:25
-1,5.98,34.6,968.9,865,1.7267,30/01/23,11:23:35
-1,5.97,34.6,968.6,883,1.7112,30/01/23,11:23:45
-1,5.97,34.6,968.7,862,1.727,30/01/23,11:23:55
-1,5.97,34.7,969.6,889,1.7116,30/01/23,11:24:05
-1,5.97,34.7,968.9,878,1.7274,30/01/23,11:24:15
-1,5.98,34.7,969.9,900,1.7119,30/01/23,11:24:25
-1,5.97,34.7,969.8,893,1.7277,30/01/23,11:24:35
-1,5.98,34.8,970,857,1.7122,30/01/23,11:24:45
-1,5.98,34.8,969.6,898,1.728,30/01/23,11:24:55
-1,5.97,34.7,968.8,865,1.7126,30/01/23,11:25:05
-1,5.97,34.7,968.8,859,1.7284,30/01/23,11:25:15
-1,5.98,34.9,969.6,877,1.7129,30/01/23,11:25:25
-1,5.98,35,968.8,877,1.7287,30/01/23,11:25:35
-1,5.98,35,969.4,897,1.7132,30/01/23,11:25:45
-1,5.98,35,969.5,914,1.729,30/01/23,11:25:55
-1,5.98,34.9,968.5,859,1.7135,30/01/23,11:26:05
-1,5.98,35,969,859,1.7293,30/01/23,11:26:15
-1,5.98,35.1,969.2,879,1.7138,30/01/23,11:26:25
-1,5.98,35.1,968.6,865,1.7296,30/01/23,11:26:35
-1,5.98,35.1,969.3,881,1.7141,30/01/23,11:26:45
-1,5.99,35.1,969.3,881,1.7299,30/01/23,11:26:55
-1,5.98,35.1,968.7,857,1.7144,30/01/23,11:27:05
-1,5.98,35.1,968.7,863,1.7302,30/01/23,11:27:15
-1,5.99,35.1,970,878,1.7147,30/01/23,11:27:25
-1,5.99,35.1,969.4,880,1.7305,30/01/23,11:27:35
-1,5.99,35.1,968.8,883,1.715,30/01/23,11:27:45
-1,5.99,35.1,969.4,881,1.7308,30/01/23,11:27:55
-1,5.99,35.1,968.6,874,1.7153,30/01/23,11:28:05
-1,5.99,35.1,968.5,858,1.7311,30/01/23,11:28:15
-1,5.99,35.1,969,886,1.7156,30/01/23,11:28:25
-1,5.99,35.1,968.7,865,1.7314,30/01/23,11:28:35
-1,5.99,35.1,968.8,885,1.7158,30/01/23,11:28:45
-1,6,35.1,968.4,871,1.7316,30/01/23,11:28:55
-1,6,35.1,969,886,1.7161,30/01/23,11:29:05
-1,6,35.1,968.2,879,1.7319,30/01/23,11:29:15
-1,6,35.1,969.2,860,1.7164,30/01/23,11:29:25
-1,6,35.1,968.4,903,1.7322,30/01/23,11:29:35
-1,6,35.1,968.4,863,1.7166,30/01/23,11:29:45
-1,6,35.1,968.7,896,1.7325,30/01/23,11:29:55
-1,6,35.1,968.5,889,1.7169,30/01/23,11:30:05
-1,6.01,35.1,968.2,865,1.7327,30/01/23,11:30:15
-1,6.01,35.1,968.6,873,1.7171,30/01/23,11:30:25
-1,6.01,35.1,969.2,909,1.733,30/01/23,11:30:35
-1,6.01,35.1,969,908,1.7174,30/01/23,11:30:45
-1,6.01,35.1,969.6,889,1.7332,30/01/23,11:30:55
-1,6.01,35.1,969.9,878,1.7176,30/01/23,11:31:05
-1,6.01,35.1,969.3,861,1.7335,30/01/23,11:31:15
-1,6.01,35.1,969.4,875,1.7178,30/01/23,11:31:25
-1,6.01,35.1,968.3,872,1.7337,30/01/23,11:31:35
-1,6.02,35.1,968.3,887,1.718,30/01/23,11:31:45
-1,6.02,35.1,969.7,887,1.7339,30/01/23,11:31:55
-1,6.02,35.1,969.5,870,1.7183,30/01/23,11:32:05
-1,6.02,35.1,968.9,854,1.7342,30/01/23,11:32:15
-1,6.02,35.1,968.6,846,1.7185,30/01/23,11:32:25
-1,6.02,35.1,969.5,866,1.7344,30/01/23,11:32:35
-1,6.02,35.1,969.8,866,1.7187,30/01/23,11:32:45
-1,6.02,35.1,968.4,896,1.7347,30/01/23,11:32:55
-1,6.02,35.1,968.7,883,1.719,30/01/23,11:33:05
-1,6.02,35.1,969.2,859,1.7349,30/01/23,11:33:15
-1,6.02,35.1,969.2,881,1.7192,30/01/23,11:33:25
-1,6.02,35.1,968.7,861,1.7351,30/01/23,11:33:35
-1,6.02,35.2,970,868,1.7194,30/01/23,11:33:45
-1,6.03,35.2,968.8,862,1.7353,30/01/23,11:33:55
-1,6.03,35.1,969.5,894,1.7196,30/01/23,11:34:05
-1,6.03,35.2,968.4,858,1.7355,30/01/23,11:34:15
-1,6.03,35.1,968.5,864,1.7198,30/01/23,11:34:25
-1,6.03,35.3,969.4,879,1.7357,30/01/23,11:34:35
-1,6.03,35.3,968.2,860,1.72,30/01/23,11:34:45
-1,6.03,35.3,970,885,1.7359,30/01/23,11:34:55
-1,6.03,35.3,968.5,857,1.7202,30/01/23,11:35:05
-1,6.03,35.4,969.3,901,1.7361,30/01/23,11:35:15
-1,6.03,35.4,969.1,863,1.7204,30/01/23,11:35:25
-1,6.04,35.2,968.7,863,1.7363,30/01/23,11:35:35
-1,6.04,35.4,969.4,864,1.7206,30/01/23,11:35:45
-1,6.04,35.3,968.3,844,1.7365,30/01/23,11:35:55
-1,6.04,35.5,969.5,888,1.7208,30/01/23,11:36:05
-1,6.04,35.3,969.2,869,1.7367,30/01/23,11:36:15
-1,6.04,35.5,969.1,882,1.721,30/01/23,11:36:25
-1,6.04,35.4,969.1,882,1.7369,30/01/23,11:36:35
-1,6.04,35.5,968.6,881,1.7212,30/01/23,11:36:45
-1,6.04,35.6,969.7,881,1.7371,30/01/23,11:36:55
-1,6.04,35.6,968.5,884,1.7214,30/01/23,11:37:05
-1,6.04,35.6,968.9,852,1.7373,30/01/23,11:37:15
-1,6.04,35.5,969.1,901,1.7216,30/01/23,11:37:25
-1,6.03,35.6,968.1,866,1.7375,30/01/23,11:37:35
-1,6.03,35.6,969.6,868,1.7217,30/01/23,11:37:45
-1,6.03,35.5,969.4,900,1.7377,30/01/23,11:37:55
-1,6.03,35.6,968.9,835,1.7219,30/01/23,11:38:05
-1,6.03,35.6,968.5,838,1.7378,30/01/23,11:38:15
-1,6.03,35.6,969.4,884,1.7221,30/01/23,11:38:25
-1,6.03,35.6,968.8,862,1.738,30/01/23,11:38:35
-1,6.02,35.6,968.1,862,1.7223,30/01/23,11:38:45
-1,6.02,35.6,969.4,883,1.7382,30/01/23,11:38:55
-1,6.02,35.6,969.3,875,1.7224,30/01/23,11:39:05
-1,6.02,35.6,968.1,847,1.7383,30/01/23,11:39:15
-1,6.02,35.6,968.1,851,1.7226,30/01/23,11:39:25
-1,6.03,35.6,969,873,1.7385,30/01/23,11:39:35
-1,6.03,35.6,969.2,866,1.7228,30/01/23,11:39:45
-1,6.02,35.6,968.5,865,1.7386,30/01/23,11:39:55
-1,6.01,35.6,968.5,893,1.7231,30/01/23,11:40:05
-1,5.98,35.6,969.6,881,1.7388,30/01/23,11:40:15
-1,5.93,35.6,969.1,869,1.7235,30/01/23,11:40:25
-1,5.89,35.6,969.1,898,1.739,30/01/23,11:40:35
-1,5.85,35.6,969.9,887,1.7239,30/01/23,11:40:45
-1,5.8,35.6,968.3,864,1.7392,30/01/23,11:40:55
-1,5.76,35.6,969.4,920,1.7243,30/01/23,11:41:05
-1,5.72,35.6,968.2,870,1.7394,30/01/23,11:41:15
-1,5.68,35.6,969.3,887,1.7247,30/01/23,11:41:25
-1,5.65,35.6,968.6,887,1.7396,30/01/23,11:41:35
-1,5.62,35.6,969.3,858,1.725,30/01/23,11:41:45
-1,5.59,35.6,969.8,901,1.7397,30/01/23,11:41:55
-1,5.56,35.6,968.5,866,1.7254,30/01/23,11:42:05
-1,5.53,35.6,968.5,861,1.7399,30/01/23,11:42:15
-1,5.49,35.6,969.7,901,1.7258,30/01/23,11:42:25
-1,5.44,35.6,969.4,902,1.7401,30/01/23,11:42:35
-1,5.39,35.6,969.1,932,1.7262,30/01/23,11:42:45
-1,5.36,35.6,969.3,932,1.7403,30/01/23,11:42:55
-1,5.34,35.6,968.7,913,1.7264,30/01/23,11:43:05
-1,5.32,35.6,969,873,1.7405,30/01/23,11:43:15
-1,5.3,35.6,968.6,839,1.7267,30/01/23,11:43:25
-1,5.28,35.6,968.8,835,1.7406,30/01/23,11:43:35
-1,5.26,35.6,968.2,832,1.7269,30/01/23,11:43:45
-1,5.25,35.6,968.9,832,1.7407,30/01/23,11:43:55
-1,5.24,35.6,968.8,831,1.7271,30/01/23,11:44:05
-1,5.24,35.6,969.1,834,1.7409,30/01/23,11:44:15
-1,5.23,35.6,969.6,885,1.7272,30/01/23,11:44:25
-1,5.23,35.6,969.7,928,1.741,30/01/23,11:44:35
-1,5.22,35.6,969.3,942,1.7274,30/01/23,11:44:45
-1,5.2,35.6,968.7,942,1.7412,30/01/23,11:44:55
-1,5.19,35.6,968.4,884,1.7277,30/01/23,11:45:05
-1,5.17,35.6,969.3,854,1.7413,30/01/23,11:45:15
-1,5.15,35.6,969.1,853,1.7279,30/01/23,11:45:25
-1,5.12,35.6,968.8,867,1.7415,30/01/23,11:45:35
-1,5.1,35.6,968.4,873,1.7281,30/01/23,11:45:45
-1,5.09,35.6,968.7,864,1.7416,30/01/23,11:45:55
-1,5.08,35.6,969.5,858,1.7283,30/01/23,11:46:05
-1,5.06,35.6,968.5,858,1.7417,30/01/23,11:46:15
-1,5.05,35.6,968.3,853,1.7285,30/01/23,11:46:25
-1,5.05,35.6,969.6,884,1.7419,30/01/23,11:46:35
-1,5.04,35.6,968.7,867,1.7287,30/01/23,11:46:45
-1,5.02,35.6,968.1,854,1.742,30/01/23,11:46:55
-1,5.01,35.6,969.6,913,1.7289,30/01/23,11:47:05
-1,5.01,35.6,968.1,878,1.7421,30/01/23,11:47:15
-1,5.01,35.6,969.6,868,1.729,30/01/23,11:47:25
-1,5,35.6,968.3,889,1.7422,30/01/23,11:47:35
-1,5,35.6,969.4,866,1.7292,30/01/23,11:47:45
-1,4.99,35.6,968.9,898,1.7424,30/01/23,11:47:55
-1,4.98,35.6,969.2,876,1.7293,30/01/23,11:48:05
-1,4.98,35.6,968.4,884,1.7425,30/01/23,11:48:15
-1,4.98,35.6,969,918,1.7294,30/01/23,11:48:25
-1,4.98,35.6,968.5,860,1.7426,30/01/23,11:48:35
-1,4.97,35.6,968,917,1.7296,30/01/23,11:48:45
-1,4.97,35.7,969.4,888,1.7427,30/01/23,11:48:55
-1,4.97,35.6,968.6,861,1.7297,30/01/23,11:49:05
-1,4.96,35.6,968.8,921,1.7428,30/01/23,11:49:15
-1,4.96,35.7,969.1,879,1.7298,30/01/23,11:49:25
-1,4.96,35.6,968.8,919,1.7429,30/01/23,11:49:35
-1,4.96,35.7,969.6,894,1.7299,30/01/23,11:49:45
-1,4.96,35.7,967.9,864,1.743,30/01/23,11:49:55
-1,4.96,35.6,969.4,911,1.73,30/01/23,11:50:05
-1,4.96,35.7,968,865,1.7431,30/01/23,11:50:15
-1,4.96,35.6,969.5,880,1.7301,30/01/23,11:50:25
-1,4.96,35.8,968.7,906,1.7432,30/01/23,11:50:35
-1,4.96,35.8,967.9,852,1.7302,30/01/23,11:50:45
-1,4.96,35.8,968.3,843,1.7433,30/01/23,11:50:55
-1,4.96,35.8,968.2,830,1.7303,30/01/23,11:51:05
-1,4.96,35.9,968.2,830,1.7434,30/01/23,11:51:15
-1,4.96,35.9,968.3,832,1.7304,30/01/23,11:51:25
-1,4.97,35.9,968.2,834,1.7435,30/01/23,11:51:35
-1,4.97,35.9,967.8,835,1.7305,30/01/23,11:51:45
-1,4.97,35.9,968.1,834,1.7436,30/01/23,11:51:55
-1,4.97,36,968.5,833,1.7306,30/01/23,11:52:05
-1,4.98,35.8,969.5,833,1.7437,30/01/23,11:52:15
-1,4.97,35.8,968.8,884,1.7306,30/01/23,11:52:25
-1,4.97,35.9,968.2,895,1.7438,30/01/23,11:52:35
-1,4.98,36,968.7,909,1.7307,30/01/23,11:52:45
-1,4.99,35.8,968.8,918,1.7439,30/01/23,11:52:55
-1,4.99,36,967.8,850,1.7308,30/01/23,11:53:05
-1,5,35.9,968.9,873,1.744,30/01/23,11:53:15
-1,5,36,968.3,881,1.7308,30/01/23,11:53:25
-1,5,36,968.1,849,1.744,30/01/23,11:53:35
-1,5.01,35.9,967.9,882,1.7309,30/01/23,11:53:45
-1,5.01,36,968.4,876,1.7441,30/01/23,11:53:55
-1,5.01,36,967.8,877,1.731,30/01/23,11:54:05
-1,5.02,36,968.8,885,1.7442,30/01/23,11:54:15
-1,5.02,36.1,967.7,863,1.731,30/01/23,11:54:25
-1,5.03,36,968.9,901,1.7443,30/01/23,11:54:35
-1,5.03,36,967.9,872,1.7311,30/01/23,11:54:45
-1,5.03,36,968.6,917,1.7443,30/01/23,11:54:55
-1,5.03,36.1,968.9,906,1.7312,30/01/23,11:55:05
-1,5.03,36.1,968,876,1.7444,30/01/23,11:55:15
-1,5.03,36.1,967.5,898,1.7312,30/01/23,11:55:25
-1,5.04,36.1,969.4,875,1.7445,30/01/23,11:55:35
-1,5.04,36.1,968.4,876,1.7313,30/01/23,11:55:45
-1,5.04,36,968.2,902,1.7446,30/01/23,11:55:55
-1,5.04,36.1,968.3,884,1.7313,30/01/23,11:56:05
-1,5.04,36.1,968.6,912,1.7446,30/01/23,11:56:15
-1,5.05,36.1,968.8,924,1.7314,30/01/23,11:56:25
-1,5.06,36.1,967.8,895,1.7447,30/01/23,11:56:35
-1,5.06,36.1,967.7,910,1.7315,30/01/23,11:56:45
-1,5.06,36.1,968.7,909,1.7448,30/01/23,11:56:55
-1,5.05,36.1,969.3,893,1.7315,30/01/23,11:57:05
-1,5.05,36.1,968.9,885,1.7449,30/01/23,11:57:15
-1,5.06,36.1,968.8,881,1.7316,30/01/23,11:57:25
-1,5.06,36.1,967.9,866,1.7449,30/01/23,11:57:35
-1,5.06,36.1,968.9,872,1.7316,30/01/23,11:57:45
-1,5.06,36.1,968,874,1.745,30/01/23,11:57:55
-1,5.07,36.1,968,856,1.7316,30/01/23,11:58:05
-1,5.07,36.1,967.9,906,1.745,30/01/23,11:58:15
-1,5.07,36.1,967.2,898,1.7318,30/01/23,11:58:25
-1,5.07,36.1,968.7,891,1.7451,30/01/23,11:58:35
-1,5.07,36.1,967.8,904,1.7318,30/01/23,11:58:45
-1,5.07,36.1,969,874,1.7452,30/01/23,11:58:55
-1,5.07,36.1,968.4,899,1.7318,30/01/23,11:59:05
-1,5.08,36.1,967.9,859,1.7452,30/01/23,11:59:15
-1,5.09,36.1,968.8,913,1.7319,30/01/23,11:59:25
-1,5.09,36.1,967.4,895,1.7453,30/01/23,11:59:35
-1,5.08,36.1,968.3,858,1.7319,30/01/23,11:59:45
-1,5.08,36.1,968.7,915,1.7453,30/01/23,11:59:55
-1,5.08,36.1,967.5,851,1.7319,30/01/23,12:00:05
-1,5.08,36.1,968.6,855,1.7454,30/01/23,12:00:15
-1,5.08,36.1,967.9,877,1.732,30/01/23,12:00:25
-1,5.08,36.1,968.7,858,1.7454,30/01/23,12:00:35
-1,5.09,36.1,968,888,1.732,30/01/23,12:00:45
-1,5.09,36.1,967.8,878,1.7455,30/01/23,12:00:55
-1,5.09,36.1,967.7,880,1.7321,30/01/23,12:01:05
-1,5.09,36.1,967.5,862,1.7455,30/01/23,12:01:15
-1,5.09,36.1,968.9,864,1.7321,30/01/23,12:01:25
-1,5.09,36.1,968,864,1.7456,30/01/23,12:01:35
-1,5.09,36.1,968.8,868,1.7322,30/01/23,12:01:45
-1,5.09,36.1,968.4,886,1.7456,30/01/23,12:01:55
-1,5.09,36.1,968.2,860,1.7323,30/01/23,12:02:05
-1,5.09,36.1,968.1,899,1.7457,30/01/23,12:02:15
-1,5.1,36.1,968,873,1.7323,30/01/23,12:02:25
-1,5.1,36.1,968.5,873,1.7457,30/01/23,12:02:35
-1,5.1,36.1,968.3,870,1.7324,30/01/23,12:02:45
-1,5.1,36.1,969.1,870,1.7458,30/01/23,12:02:55
-1,5.1,36.1,967.8,883,1.7323,30/01/23,12:03:05
-1,5.1,36.1,968.5,882,1.7458,30/01/23,12:03:15
-1,5.1,36.1,968.1,883,1.7324,30/01/23,12:03:25
-1,5.1,36.1,968.7,857,1.7459,30/01/23,12:03:35
-1,5.1,36.1,968.3,863,1.7325,30/01/23,12:03:45
-1,5.1,36.1,968.3,859,1.7459,30/01/23,12:03:55
-1,5.1,36.1,968.9,880,1.7324,30/01/23,12:04:05
-1,5.1,36.1,968,875,1.746,30/01/23,12:04:15
-1,5.1,36.1,967.6,880,1.7325,30/01/23,12:04:25
-1,5.1,36.1,968.6,880,1.746,30/01/23,12:04:35
-1,5.11,36.1,968.6,877,1.7326,30/01/23,12:04:45
-1,5.11,36.1,968.7,925,1.746,30/01/23,12:04:55
-1,5.11,36.1,968.9,917,1.7325,30/01/23,12:05:05
-1,5.12,36.1,967.6,871,1.746,30/01/23,12:05:15
-1,5.12,36.1,968.2,879,1.7325,30/01/23,12:05:25
-1,5.12,36.1,967.7,893,1.7461,30/01/23,12:05:35
-1,5.13,36.1,967.9,857,1.7326,30/01/23,12:05:45
-1,5.12,36.1,967.3,910,1.7461,30/01/23,12:05:55
-1,5.12,36.1,968,866,1.7326,30/01/23,12:06:05
-1,5.13,36.1,967.6,892,1.7461,30/01/23,12:06:15
-1,5.12,36.1,968.6,881,1.7327,30/01/23,12:06:25
-1,5.12,36.1,968.2,907,1.7462,30/01/23,12:06:35
-1,5.12,36.1,968.6,849,1.7327,30/01/23,12:06:45
-1,5.12,36.1,968.6,905,1.7462,30/01/23,12:06:55
-1,5.12,36.1,967.6,861,1.7327,30/01/23,12:07:05
-1,5.12,36.1,967.9,856,1.7462,30/01/23,12:07:15
-1,5.11,36.1,968.3,873,1.7327,30/01/23,12:07:25
-1,5.11,36.1,968.5,873,1.7462,30/01/23,12:07:35
-1,5.12,36.1,967.5,873,1.7328,30/01/23,12:07:45
-1,5.11,36.1,967.4,848,1.7462,30/01/23,12:07:55
-1,5.11,36.1,968.2,859,1.7327,30/01/23,12:08:05
-1,5.13,36.1,968.2,864,1.7462,30/01/23,12:08:15
-1,5.12,36.1,967.3,878,1.7327,30/01/23,12:08:25
-1,5.12,36.1,967.3,855,1.7462,30/01/23,12:08:35
-1,5.14,36.1,968.8,885,1.7328,30/01/23,12:08:45
-1,5.13,36.1,968.4,875,1.7463,30/01/23,12:08:55
-1,5.12,36.1,967.6,885,1.7328,30/01/23,12:09:05
-1,5.12,36.1,967.1,895,1.7463,30/01/23,12:09:15
-1,5.11,36.1,968.5,882,1.7328,30/01/23,12:09:25
-1,5.11,36.1,968.7,897,1.7463,30/01/23,12:09:35
-1,5.12,36.1,967.1,890,1.7329,30/01/23,12:09:45
-1,5.11,36.1,967.5,888,1.7463,30/01/23,12:09:55
-1,5.11,36.1,967.9,870,1.7328,30/01/23,12:10:05
-1,5.11,36.1,968.3,870,1.7463,30/01/23,12:10:15
-1,5.1,36.1,968.2,879,1.7328,30/01/23,12:10:25
-1,5.1,36.1,967.9,864,1.7463,30/01/23,12:10:35
-1,5.11,36.1,967.6,866,1.7329,30/01/23,12:10:45
-1,5.1,36.1,967.3,866,1.7463,30/01/23,12:10:55
-1,5.1,36.1,968.1,880,1.7328,30/01/23,12:11:05
-1,5.11,36.1,968.6,882,1.7463,30/01/23,12:11:15
-1,5.1,36.1,967.1,878,1.7328,30/01/23,12:11:25
-1,5.1,36.1,968.6,902,1.7463,30/01/23,12:11:35
-1,5.11,36.1,967.3,850,1.7329,30/01/23,12:11:45
-1,5.1,36.1,968.5,879,1.7463,30/01/23,12:11:55
-1,5.11,36.1,968.9,885,1.7328,30/01/23,12:12:05
-1,5.12,36.1,967.4,860,1.7463,30/01/23,12:12:15
-1,5.12,36.1,968.7,899,1.7327,30/01/23,12:12:25
-1,5.13,36.1,967.4,846,1.7463,30/01/23,12:12:35
-1,5.14,36.1,967.5,843,1.7327,30/01/23,12:12:45
-1,5.14,36.1,967.7,869,1.7463,30/01/23,12:12:55
-1,5.15,36.1,967.4,829,1.7326,30/01/23,12:13:05
-1,5.17,36.1,968.4,895,1.7462,30/01/23,12:13:15
-1,5.17,36.1,968.5,895,1.7325,30/01/23,12:13:25
-1,5.18,36.1,967.8,867,1.7462,30/01/23,12:13:35
-1,5.19,36.1,968.2,890,1.7326,30/01/23,12:13:45
-1,5.18,36.1,967.7,863,1.7462,30/01/23,12:13:55
-1,5.19,36.1,968.2,896,1.7325,30/01/23,12:14:05
-1,5.19,36.1,967.4,867,1.7462,30/01/23,12:14:15
-1,5.18,36.1,967.1,849,1.7324,30/01/23,12:14:25
-1,5.2,36.1,968,912,1.7462,30/01/23,12:14:35
-1,5.21,36.1,968.4,912,1.7325,30/01/23,12:14:45
-1,5.21,36.1,967.2,871,1.7461,30/01/23,12:14:55
-1,5.2,36.1,967.4,873,1.7324,30/01/23,12:15:05
-1,5.21,36.1,967.8,870,1.7461,30/01/23,12:15:15
-1,5.2,36.1,967.7,866,1.7323,30/01/23,12:15:25
-1,5.22,36.1,967.8,885,1.7461,30/01/23,12:15:35
-1,5.23,36.1,967.9,902,1.7323,30/01/23,12:15:45
-1,5.22,36.1,967.8,866,1.7461,30/01/23,12:15:55
-1,5.23,36.1,967.5,861,1.7323,30/01/23,12:16:05
-1,5.23,36.1,968.6,885,1.746,30/01/23,12:16:15
-1,5.23,36.1,968.5,863,1.7322,30/01/23,12:16:25
-1,5.23,36.1,967.5,891,1.746,30/01/23,12:16:35
-1,5.24,36.1,968,874,1.7323,30/01/23,12:16:45
-1,5.24,36.1,967.7,840,1.746,30/01/23,12:16:55
-1,5.25,36.1,967.4,854,1.7321,30/01/23,12:17:05
-1,5.27,36.1,967.6,844,1.746,30/01/23,12:17:15
-1,5.26,36.1,967.8,836,1.732,30/01/23,12:17:25
-1,5.28,36.1,968.5,893,1.7459,30/01/23,12:17:35
-1,5.27,36.1,968.6,887,1.732,30/01/23,12:17:45
-1,5.27,36.1,967.4,831,1.7459,30/01/23,12:17:55
-1,5.29,36.1,967,846,1.732,30/01/23,12:18:05
-1,5.28,36.1,968.5,858,1.7459,30/01/23,12:18:15
-1,5.28,36.1,968.4,859,1.7319,30/01/23,12:18:25
-1,5.29,36.1,968.5,888,1.7458,30/01/23,12:18:35
-1,5.28,36.1,968.7,883,1.7319,30/01/23,12:18:45
-1,5.28,36.1,968.7,871,1.7458,30/01/23,12:18:55
-1,5.3,36.1,968.3,869,1.7319,30/01/23,12:19:05
-1,5.29,36.1,967.1,836,1.7458,30/01/23,12:19:15
-1,5.29,36.1,967.1,853,1.7318,30/01/23,12:19:25
-1,5.31,36.1,967.6,860,1.7457,30/01/23,12:19:35
-1,5.3,36.1,967.9,859,1.7317,30/01/23,12:19:45
-1,5.31,36.1,968.4,906,1.7457,30/01/23,12:19:55
-1,5.32,36.1,968.5,905,1.7317,30/01/23,12:20:05
-1,5.31,36.1,967.5,867,1.7456,30/01/23,12:20:15
-1,5.32,36.1,968.2,858,1.7316,30/01/23,12:20:25
-1,5.33,36.1,967.6,844,1.7456,30/01/23,12:20:35
-1,5.32,36.1,968.3,854,1.7315,30/01/23,12:20:45
-1,5.33,36.1,967,909,1.7456,30/01/23,12:20:55
-1,5.33,36.1,967.1,874,1.7315,30/01/23,12:21:05
-1,5.32,36.1,967.6,929,1.7455,30/01/23,12:21:15
-1,5.34,36.1,968,894,1.7315,30/01/23,12:21:25
-1,5.34,36.1,968.4,909,1.7455,30/01/23,12:21:35
-1,5.34,36.1,967.7,910,1.7313,30/01/23,12:21:45
-1,5.36,36.1,968.4,885,1.7454,30/01/23,12:21:55
-1,5.35,36.1,968.3,873,1.7313,30/01/23,12:22:05
-1,5.35,36.1,967.9,868,1.7454,30/01/23,12:22:15
-1,5.36,36.1,967.3,844,1.7314,30/01/23,12:22:25
-1,5.35,36.1,967.1,844,1.7453,30/01/23,12:22:35
-1,5.34,36.1,966.9,844,1.7312,30/01/23,12:22:45
-1,5.35,36.1,968.2,905,1.7453,30/01/23,12:22:55
-1,5.34,36.1,967.6,905,1.7311,30/01/23,12:23:05
-1,5.35,36.1,968.1,882,1.7452,30/01/23,12:23:15
-1,5.36,36.1,967.4,879,1.7312,30/01/23,12:23:25
-1,5.35,36.1,968.3,870,1.7452,30/01/23,12:23:35
-1,5.36,36.1,968.3,873,1.731,30/01/23,12:23:45
-1,5.37,36.1,967.7,870,1.7451,30/01/23,12:23:55
-1,5.36,36.1,968.2,884,1.7309,30/01/23,12:24:05
-1,5.37,36.1,967.8,851,1.7451,30/01/23,12:24:15
-1,5.38,36.1,967.6,858,1.7309,30/01/23,12:24:25
-1,5.37,36.1,967.4,853,1.745,30/01/23,12:24:35
-1,5.38,36.1,967.3,851,1.7309,30/01/23,12:24:45
-1,5.38,36.1,968.3,903,1.745,30/01/23,12:24:55
-1,5.37,36.1,967.8,915,1.7307,30/01/23,12:25:05
-1,5.39,36.1,968.3,891,1.7449,30/01/23,12:25:15
-1,5.39,36.1,968,893,1.7307,30/01/23,12:25:25
-1,5.38,36.1,968.5,889,1.7448,30/01/23,12:25:35
-1,5.4,36.1,966.8,873,1.7308,30/01/23,12:25:45
-1,5.39,36.1,968.2,867,1.7448,30/01/23,12:25:55
-1,5.38,36.1,967.5,885,1.7306,30/01/23,12:26:05
-1,5.39,36.1,968.4,874,1.7447,30/01/23,12:26:15
-1,5.39,36.2,968.1,878,1.7304,30/01/23,12:26:25
-1,5.4,36.1,967.7,877,1.7447,30/01/23,12:26:35
-1,5.4,36.1,968.3,879,1.7305,30/01/23,12:26:45
-1,5.39,36.2,966.9,863,1.7446,30/01/23,12:26:55
-1,5.4,36.2,967.1,880,1.7305,30/01/23,12:27:05
-1,5.4,36.1,967.1,881,1.7446,30/01/23,12:27:15
-1,5.39,36.2,967.6,868,1.7303,30/01/23,12:27:25
-1,5.4,36.1,966.9,889,1.7446,30/01/23,12:27:35
-1,5.39,36.2,966.8,908,1.7303,30/01/23,12:27:45
-1,5.39,36.1,967.4,879,1.7445,30/01/23,12:27:55
-1,5.41,36.1,967,912,1.7303,30/01/23,12:28:05
-1,5.4,36.1,967.5,885,1.7444,30/01/23,12:28:15
-1,5.4,36.2,967.5,896,1.7301,30/01/23,12:28:25
-1,5.41,36.2,967.3,874,1.7443,30/01/23,12:28:35
-1,5.41,36.2,968.2,912,1.7301,30/01/23,12:28:45
-1,5.41,36.2,967.8,888,1.7443,30/01/23,12:28:55
-1,5.41,36.2,968.2,850,1.7301,30/01/23,12:29:05
-1,5.4,36.2,967.4,914,1.7442,30/01/23,12:29:15
-1,5.4,36.2,967.1,875,1.73,30/01/23,12:29:25
-1,5.4,36.1,967.2,893,1.7441,30/01/23,12:29:35
-1,5.4,36.2,966.9,898,1.7298,30/01/23,12:29:45
-1,5.41,36.1,967.4,898,1.7441,30/01/23,12:29:55
-1,5.41,36.2,967.4,901,1.7297,30/01/23,12:30:05
-1,5.41,36.1,967.4,887,1.744,30/01/23,12:30:15
-1,5.43,36.1,967.7,894,1.7298,30/01/23,12:30:25
-1,5.42,36.2,968.3,868,1.7439,30/01/23,12:30:35
-1,5.42,36.1,967.6,894,1.7296,30/01/23,12:30:45
-1,5.43,36.1,967.7,881,1.7438,30/01/23,12:30:55
-1,5.42,36.1,966.9,882,1.7295,30/01/23,12:31:05
-1,5.43,36.1,966.9,866,1.7438,30/01/23,12:31:15
-1,5.43,36.2,967.5,876,1.7295,30/01/23,12:31:25
-1,5.42,36.1,967,875,1.7437,30/01/23,12:31:35
-1,5.42,36.2,967.9,890,1.7294,30/01/23,12:31:45
-1,5.42,36.2,967.1,902,1.7436,30/01/23,12:31:55
-1,5.42,36.2,968.4,907,1.7293,30/01/23,12:32:05
-1,5.43,36.2,967.9,908,1.7436,30/01/23,12:32:15
-1,5.42,36.2,968.3,847,1.7292,30/01/23,12:32:25
-1,5.42,36.2,967.4,904,1.7435,30/01/23,12:32:35
-1,5.43,36.2,967.4,872,1.7292,30/01/23,12:32:45
-1,5.43,36.2,967.7,881,1.7434,30/01/23,12:32:55
-1,5.44,36.1,967.1,865,1.7291,30/01/23,12:33:05
-1,5.45,36.1,967.8,877,1.7433,30/01/23,12:33:15
-1,5.43,36.1,966.9,881,1.729,30/01/23,12:33:25
-1,5.44,36.1,967.5,883,1.7432,30/01/23,12:33:35
-1,5.44,36.1,967.5,898,1.729,30/01/23,12:33:45
-1,5.43,36.2,968,874,1.7432,30/01/23,12:33:55
-1,5.44,36.1,967.1,874,1.729,30/01/23,12:34:05
-1,5.43,36.2,968.1,872,1.7431,30/01/23,12:34:15
-1,5.43,36.1,966.7,868,1.7287,30/01/23,12:34:25
-1,5.45,36.1,967.6,873,1.743,30/01/23,12:34:35
-1,5.44,36.1,967,874,1.7287,30/01/23,12:34:45
-1,5.43,36.1,967.3,870,1.7429,30/01/23,12:34:55
-1,5.44,36.2,967.3,883,1.7287,30/01/23,12:35:05
-1,5.44,36.1,966.9,869,1.7428,30/01/23,12:35:15
-1,5.44,36.2,967.7,883,1.7285,30/01/23,12:35:25
-1,5.44,36.2,966.4,876,1.7428,30/01/23,12:35:35
-1,5.43,36.2,966.8,903,1.7284,30/01/23,12:35:45
-1,5.43,36.1,967.5,919,1.7427,30/01/23,12:35:55
-1,5.44,36.1,966.7,882,1.7284,30/01/23,12:36:05
-1,5.44,36.2,967.6,896,1.7426,30/01/23,12:36:15
-1,5.44,36.1,966.7,903,1.7282,30/01/23,12:36:25
-1,5.45,36.1,967.5,873,1.7425,30/01/23,12:36:35
-1,5.44,36.2,966.7,876,1.7281,30/01/23,12:36:45
-1,5.44,36.1,966.7,865,1.7424,30/01/23,12:36:55
-1,5.45,36.2,967.3,882,1.7282,30/01/23,12:37:05
-1,5.44,36.2,966.8,864,1.7423,30/01/23,12:37:15
-1,5.44,36.2,968,911,1.728,30/01/23,12:37:25
-1,5.44,36.2,967.4,882,1.7422,30/01/23,12:37:35
-1,5.43,36.2,968.1,853,1.7278,30/01/23,12:37:45
-1,5.45,36.2,967.8,897,1.7421,30/01/23,12:37:55
-1,5.46,36.1,967.2,866,1.7278,30/01/23,12:38:05
-1,5.45,36.1,967.7,861,1.742,30/01/23,12:38:15
-1,5.45,36.1,966.9,868,1.7277,30/01/23,12:38:25
-1,5.45,36.1,967.6,878,1.7419,30/01/23,12:38:35
-1,5.44,36.1,966.8,886,1.7275,30/01/23,12:38:45
-1,5.45,36.1,967.5,882,1.7418,30/01/23,12:38:55
-1,5.44,36.1,966.8,882,1.7275,30/01/23,12:39:05
-1,5.44,36.1,967.6,871,1.7417,30/01/23,12:39:15
-1,5.45,36.2,966.7,887,1.7274,30/01/23,12:39:25
-1,5.45,36.1,967.1,863,1.7416,30/01/23,12:39:35
-1,5.44,36.1,966.9,868,1.7272,30/01/23,12:39:45
-1,5.45,36.1,967.8,876,1.7415,30/01/23,12:39:55
-1,5.44,36.1,966.5,903,1.7271,30/01/23,12:40:05
-1,5.44,36.1,967.5,877,1.7414,30/01/23,12:40:15
-1,5.45,36.1,970.2,872,1.7268,30/01/23,12:40:25
-1,5.45,36.1,967.4,868,1.7412,30/01/23,12:40:35
-1,5.47,36.2,967.9,900,1.7269,30/01/23,12:40:45
-1,5.46,36.2,967.9,870,1.7411,30/01/23,12:40:55
-1,5.45,36.2,968.7,919,1.7266,30/01/23,12:41:05
-1,5.47,36.2,968.9,896,1.741,30/01/23,12:41:15
-1,5.49,36.1,967.8,860,1.7267,30/01/23,12:41:25
-1,5.47,36.2,968.3,886,1.7409,30/01/23,12:41:35
-1,5.47,36.1,967.4,876,1.7264,30/01/23,12:41:45
-1,5.48,36.1,967.6,876,1.7408,30/01/23,12:41:55
-1,5.48,36.1,968.4,882,1.7264,30/01/23,12:42:05
-1,5.47,36.2,968.3,870,1.7407,30/01/23,12:42:15
-1,5.47,36.2,968.8,890,1.7263,30/01/23,12:42:25
-1,5.48,36.1,968.9,892,1.7405,30/01/23,12:42:35
-1,5.46,36.2,967.8,883,1.7262,30/01/23,12:42:45
-1,5.46,36.2,968.2,880,1.7404,30/01/23,12:42:55
-1,5.47,36.1,968.8,878,1.726,30/01/23,12:43:05
-1,5.47,36.2,968.5,875,1.7403,30/01/23,12:43:15
-1,5.47,36.2,968.2,875,1.7258,30/01/23,12:43:25
-1,5.47,36.2,968.1,875,1.7401,30/01/23,12:43:35
-1,5.47,36.2,968.6,880,1.7257,30/01/23,12:43:45
-1,5.47,36.2,968.8,879,1.74,30/01/23,12:43:55
-1,5.48,36.1,968.3,860,1.7256,30/01/23,12:44:05
-1,5.49,36.2,968.1,875,1.7399,30/01/23,12:44:15
-1,5.48,36.1,967.9,866,1.7254,30/01/23,12:44:25
-1,5.48,36.1,967.3,863,1.7397,30/01/23,12:44:35
-1,5.48,36.1,968.2,888,1.7253,30/01/23,12:44:45
-1,5.48,36.1,968.9,888,1.7396,30/01/23,12:44:55
-1,5.49,36.1,967.1,889,1.7252,30/01/23,12:45:05
-1,5.49,36.1,967.9,892,1.7395,30/01/23,12:45:15
-1,5.49,36.1,967,864,1.725,30/01/23,12:45:25
-1,5.5,36.1,967.1,864,1.7394,30/01/23,12:45:35
-1,5.5,36.1,967.8,886,1.7249,30/01/23,12:45:45
-1,5.49,36.1,967.6,887,1.7392,30/01/23,12:45:55
-1,5.51,36.1,968.1,898,1.7248,30/01/23,12:46:05
-1,5.51,36.1,968.2,908,1.7391,30/01/23,12:46:15
-1,5.51,36.1,968,880,1.7245,30/01/23,12:46:25
-1,5.52,36.1,968.5,862,1.739,30/01/23,12:46:35
-1,5.51,36.1,967.4,865,1.7244,30/01/23,12:46:45
-1,5.51,36.1,968.1,872,1.7388,30/01/23,12:46:55
-1,5.53,36.1,966.9,867,1.7244,30/01/23,12:47:05
-1,5.52,36.1,967.2,866,1.7386,30/01/23,12:47:15
-1,5.52,36.1,967.3,881,1.7241,30/01/23,12:47:25
-1,5.53,36.1,966.6,860,1.7385,30/01/23,12:47:35
-1,5.52,36.1,968.5,914,1.7239,30/01/23,12:47:45
-1,5.53,36.1,968,884,1.7384,30/01/23,12:47:55
-1,5.53,36.1,967.8,874,1.7238,30/01/23,12:48:05
-1,5.52,36.1,968.2,891,1.7382,30/01/23,12:48:15
-1,5.54,36.1,966.9,870,1.7238,30/01/23,12:48:25
-1,5.53,36.1,967.3,850,1.7381,30/01/23,12:48:35
-1,5.52,36.1,967.2,881,1.7235,30/01/23,12:48:45
-1,5.53,36.1,966.6,861,1.738,30/01/23,12:48:55
-1,5.52,36.1,968.4,922,1.7234,30/01/23,12:49:05
-1,5.53,36.1,968.1,894,1.7378,30/01/23,12:49:15
-1,5.54,36.1,967.3,858,1.7234,30/01/23,12:49:25
-1,5.52,36.1,967.9,859,1.7377,30/01/23,12:49:35
-1,5.52,36.1,967.2,863,1.7231,30/01/23,12:49:45
-1,5.52,36.1,967.4,860,1.7375,30/01/23,12:49:55
-1,5.51,36.1,967.9,878,1.723,30/01/23,12:50:05
-1,5.51,36.1,968,876,1.7374,30/01/23,12:50:15
-1,5.51,36.1,967.1,885,1.7229,30/01/23,12:50:25
-1,5.51,36.1,966.8,856,1.7372,30/01/23,12:50:35
-1,5.52,36.1,968.2,887,1.7228,30/01/23,12:50:45
-1,5.53,36.1,968.2,888,1.7371,30/01/23,12:50:55
-1,5.52,36.1,967,856,1.7225,30/01/23,12:51:05
-1,5.53,36.1,967.1,889,1.737,30/01/23,12:51:15
-1,5.52,36.1,967.9,881,1.7224,30/01/23,12:51:25
-1,5.52,36.1,967.4,878,1.7368,30/01/23,12:51:35
-1,5.53,36.1,968.5,915,1.7224,30/01/23,12:51:45
-1,5.53,36.1,968.3,910,1.7367,30/01/23,12:51:55
-1,5.53,36.1,967.6,849,1.7221,30/01/23,12:52:05
-1,5.54,36.1,967.7,881,1.7366,30/01/23,12:52:15
-1,5.53,36.1,967.2,863,1.722,30/01/23,12:52:25
-1,5.53,36.1,967.2,863,1.7364,30/01/23,12:52:35
-1,5.54,36.1,967.6,882,1.722,30/01/23,12:52:45
-1,5.53,36.1,967,876,1.7363,30/01/23,12:52:55
-1,5.53,36.1,968.4,916,1.7218,30/01/23,12:53:05
-1,5.53,36.1,968.2,887,1.7362,30/01/23,12:53:15
-1,5.53,36.1,967.5,884,1.7216,30/01/23,12:53:25
-1,5.54,36.1,968.4,885,1.736,30/01/23,12:53:35
-1,5.54,36.1,967.2,855,1.7215,30/01/23,12:53:45
-1,5.53,36.1,967.7,863,1.7359,30/01/23,12:53:55
-1,5.54,36.1,966.9,861,1.7214,30/01/23,12:54:05
-1,5.53,36.1,967,861,1.7357,30/01/23,12:54:15
-1,5.53,36.1,967.9,872,1.7211,30/01/23,12:54:25
-1,5.54,36.1,967.5,876,1.7356,30/01/23,12:54:35
-1,5.54,36.1,968,896,1.721,30/01/23,12:54:45
-1,5.53,36.1,968.2,897,1.7355,30/01/23,12:54:55
-1,5.54,36.1,967.1,846,1.721,30/01/23,12:55:05
-1,5.53,36.1,967.7,869,1.7353,30/01/23,12:55:15
-1,5.53,36.1,967.7,867,1.7208,30/01/23,12:55:25
-1,5.54,36.1,967.5,868,1.7352,30/01/23,12:55:35
-1,5.53,36.1,967.4,868,1.7207,30/01/23,12:55:45
-1,5.53,36.1,967.3,868,1.7351,30/01/23,12:55:55
-1,5.53,36.1,967.6,863,1.7206,30/01/23,12:56:05
-1,5.52,36.1,967.4,860,1.7349,30/01/23,12:56:15
-1,5.54,36.1,967.9,863,1.7205,30/01/23,12:56:25
-1,5.53,36.1,968.2,870,1.7348,30/01/23,12:56:35
-1,5.53,36.1,967.3,876,1.7202,30/01/23,12:56:45
-1,5.54,36.1,967.4,853,1.7347,30/01/23,12:56:55
-1,5.54,36.1,968.4,878,1.7201,30/01/23,12:57:05
-1,5.54,36.1,968.4,876,1.7345,30/01/23,12:57:15
-1,5.55,36.1,967.3,848,1.7201,30/01/23,12:57:25
-1,5.55,36.1,967.5,847,1.7344,30/01/23,12:57:35
-1,5.55,36.1,967.3,859,1.7198,30/01/23,12:57:45
-1,5.56,36.1,967,859,1.7343,30/01/23,12:57:55
-1,5.55,36.1,968.3,883,1.7197,30/01/23,12:58:05
-1,5.54,36.1,968.1,882,1.7342,30/01/23,12:58:15
-1,5.55,36.1,967.4,886,1.7197,30/01/23,12:58:25
-1,5.55,36.1,967.6,884,1.7341,30/01/23,12:58:35
-1,5.55,36.1,966.7,860,1.7194,30/01/23,12:58:45
-1,5.56,36.1,966.8,860,1.7339,30/01/23,12:58:55
-1,5.56,36.1,967.7,887,1.7194,30/01/23,12:59:05
-1,5.56,36.1,967.5,867,1.7338,30/01/23,12:59:15
-1,5.57,36.1,967.8,890,1.7193,30/01/23,12:59:25
-1,5.56,36.1,968.2,894,1.7337,30/01/23,12:59:35
-1,5.56,36.1,967.3,838,1.7191,30/01/23,12:59:45
-1,5.57,36.1,968,861,1.7336,30/01/23,12:59:55
-1,5.56,36.1,966.7,864,1.7189,30/01/23,13:00:05
-1,5.56,36.1,967.6,867,1.7334,30/01/23,13:00:15
-1,5.56,36.1,967.3,868,1.7188,30/01/23,13:00:25
-1,5.56,36.1,966.7,865,1.7333,30/01/23,13:00:35
-1,5.56,36.1,967.8,877,1.7187,30/01/23,13:00:45
-1,5.56,36.1,967.3,847,1.7332,30/01/23,13:00:55
-1,5.58,36.1,968.1,888,1.7186,30/01/23,13:01:05
-1,5.57,36.1,967.9,897,1.733,30/01/23,13:01:15
-1,5.58,36.1,968,869,1.7184,30/01/23,13:01:25
-1,5.6,36.1,967.7,883,1.7329,30/01/23,13:01:35
-1,5.58,36.1,966.6,869,1.7182,30/01/23,13:01:45
-1,5.58,36.1,966.6,864,1.7328,30/01/23,13:01:55
-1,5.59,36.1,967.9,886,1.7182,30/01/23,13:02:05
-1,5.58,36.1,968.2,886,1.7326,30/01/23,13:02:15
-1,5.59,36.1,967.5,886,1.718,30/01/23,13:02:25
-1,5.6,36.1,967.8,875,1.7325,30/01/23,13:02:35
-1,5.6,36.1,967.6,874,1.7178,30/01/23,13:02:45
-1,5.61,36.1,966.9,872,1.7324,30/01/23,13:02:55
-1,5.61,36.1,967.6,877,1.7177,30/01/23,13:03:05
-1,5.61,36.1,968,884,1.7323,30/01/23,13:03:15
-1,5.61,36.1,966.8,855,1.7176,30/01/23,13:03:25
-1,5.6,36.1,967,853,1.7322,30/01/23,13:03:35
-1,5.59,36.1,967.6,863,1.7174,30/01/23,13:03:45
-1,5.6,36.1,967.5,858,1.732,30/01/23,13:03:55
-1,5.61,36.1,968.1,861,1.7174,30/01/23,13:04:05
-1,5.6,36.1,967.8,907,1.7319,30/01/23,13:04:15
-1,5.61,36.1,967.1,854,1.7171,30/01/23,13:04:25
-1,5.63,36.1,967.7,847,1.7318,30/01/23,13:04:35
-1,5.61,36.1,967.3,866,1.7171,30/01/23,13:04:45
-1,5.61,36.1,967.3,866,1.7317,30/01/23,13:04:55
-1,5.61,36.1,967.8,888,1.717,30/01/23,13:05:05
-1,5.61,36.1,967.4,863,1.7315,30/01/23,13:05:15
-1,5.62,36.1,968,889,1.7168,30/01/23,13:05:25
-1,5.62,36.1,968.2,875,1.7315,30/01/23,13:05:35
-1,5.61,36.1,967.3,857,1.7167,30/01/23,13:05:45
-1,5.61,36.1,967,849,1.7313,30/01/23,13:05:55
-1,5.64,36.1,966.6,859,1.7166,30/01/23,13:06:05
-1,5.63,36.1,967.4,869,1.7312,30/01/23,13:06:15
-1,5.62,36.1,966.6,871,1.7164,30/01/23,13:06:25
-1,5.63,36.1,966.5,868,1.7311,30/01/23,13:06:35
-1,5.62,36.1,967.4,880,1.7163,30/01/23,13:06:45
-1,5.61,36.1,966.9,872,1.731,30/01/23,13:06:55
-1,5.62,36.1,967.4,887,1.7163,30/01/23,13:07:05
-1,5.62,36.1,967,892,1.7308,30/01/23,13:07:15
-1,5.62,36.1,967.8,869,1.7161,30/01/23,13:07:25
-1,5.62,36.1,967.5,896,1.7307,30/01/23,13:07:35
-1,5.63,36.1,968.1,863,1.716,30/01/23,13:07:45
-1,5.63,36.1,967.7,921,1.7306,30/01/23,13:07:55
-1,5.63,36.1,967.4,863,1.7159,30/01/23,13:08:05
-1,5.63,36.1,968.3,855,1.7305,30/01/23,13:08:15
-1,5.63,36.1,967.1,867,1.7158,30/01/23,13:08:25
-1,5.63,36.1,967.3,873,1.7304,30/01/23,13:08:35
-1,5.62,36.1,966.6,864,1.7156,30/01/23,13:08:45
-1,5.64,36.1,966.8,863,1.7303,30/01/23,13:08:55
-1,5.64,36.1,967.5,883,1.7156,30/01/23,13:09:05
-1,5.64,36.1,966.9,879,1.7302,30/01/23,13:09:15
-1,5.63,36.1,967.3,890,1.7155,30/01/23,13:09:25
-1,5.63,36.1,966.7,900,1.73,30/01/23,13:09:35
-1,5.63,36.1,966.9,840,1.7154,30/01/23,13:09:45
-1,5.62,36.1,966.6,897,1.7299,30/01/23,13:09:55
-1,5.63,36.1,966.4,895,1.7151,30/01/23,13:10:05
-1,5.65,36.1,967.7,903,1.7298,30/01/23,13:10:15
-1,5.64,36.1,967.2,877,1.715,30/01/23,13:10:25
-1,5.63,36.1,968,883,1.7297,30/01/23,13:10:35
-1,5.64,36.1,967.2,878,1.715,30/01/23,13:10:45
-1,5.64,36.1,967.7,865,1.7296,30/01/23,13:10:55
-1,5.64,36.1,967.3,888,1.7149,30/01/23,13:11:05
-1,5.64,36.1,967.9,863,1.7295,30/01/23,13:11:15
-1,5.63,36.1,967.2,888,1.7147,30/01/23,13:11:25
-1,5.64,36.1,968.1,867,1.7294,30/01/23,13:11:35
-1,5.63,36.1,967.7,889,1.7146,30/01/23,13:11:45
-1,5.64,36.1,967.9,871,1.7293,30/01/23,13:11:55
-1,5.64,36.1,966.9,872,1.7144,30/01/23,13:12:05
-1,5.65,36.1,967.4,878,1.7292,30/01/23,13:12:15
-1,5.66,36.1,966.7,872,1.7145,30/01/23,13:12:25
-1,5.65,36.1,967,860,1.729,30/01/23,13:12:35
-1,5.66,36.1,966.3,873,1.7142,30/01/23,13:12:45
-1,5.67,36.1,967.4,869,1.7289,30/01/23,13:12:55
-1,5.66,36.1,966.5,902,1.714,30/01/23,13:13:05
-1,5.67,36.1,966.5,875,1.7288,30/01/23,13:13:15
-1,5.67,36.1,967.3,868,1.714,30/01/23,13:13:25
-1,5.66,36.1,966.6,871,1.7287,30/01/23,13:13:35
-1,5.67,36.1,967.5,884,1.714,30/01/23,13:13:45
-1,5.66,36.1,967,882,1.7286,30/01/23,13:13:55
-1,5.65,36.1,967.7,910,1.7137,30/01/23,13:14:05
-1,5.66,36.1,967.8,922,1.7285,30/01/23,13:14:15
-1,5.66,36.1,967.2,842,1.7137,30/01/23,13:14:25
-1,5.66,36.1,967.7,884,1.7284,30/01/23,13:14:35
-1,5.66,36.1,966.9,857,1.7136,30/01/23,13:14:45
-1,5.65,36.1,967.1,859,1.7282,30/01/23,13:14:55
-1,5.66,36.1,967.2,865,1.7135,30/01/23,13:15:05
-1,5.66,36.1,967.1,865,1.7281,30/01/23,13:15:15
-1,5.66,36.1,967.8,902,1.7134,30/01/23,13:15:25
-1,5.66,36.1,967.9,880,1.728,30/01/23,13:15:35
-1,5.66,36.1,966.3,856,1.7132,30/01/23,13:15:45
-1,5.68,36.1,966.9,855,1.7279,30/01/23,13:15:55
-1,5.67,36.1,967.3,899,1.7131,30/01/23,13:16:05
-1,5.66,36.1,967.6,869,1.7278,30/01/23,13:16:15
-1,5.66,36.1,966.9,875,1.7129,30/01/23,13:16:25
-1,5.68,36.1,966.9,870,1.7277,30/01/23,13:16:35
-1,5.68,36.1,967,867,1.7129,30/01/23,13:16:45
-1,5.67,36.1,966.9,870,1.7276,30/01/23,13:16:55
-1,5.68,36.1,967.8,879,1.7128,30/01/23,13:17:05
-1,5.67,36.1,967.6,894,1.7274,30/01/23,13:17:15
-1,5.67,36.1,966.6,858,1.7127,30/01/23,13:17:25
-1,5.68,36.1,966.9,852,1.7273,30/01/23,13:17:35
-1,5.66,36.1,967.7,889,1.7126,30/01/23,13:17:45
-1,5.66,36.1,967.3,890,1.7272,30/01/23,13:17:55
-1,5.66,36.1,967.6,872,1.7125,30/01/23,13:18:05
-1,5.66,36.1,967.3,869,1.7271,30/01/23,13:18:15
-1,5.66,36.1,967.1,863,1.7123,30/01/23,13:18:25
-1,5.67,36.1,966.8,863,1.727,30/01/23,13:18:35
-1,5.67,36.1,967.9,881,1.7122,30/01/23,13:18:45
-1,5.67,36.1,967.8,883,1.7269,30/01/23,13:18:55
-1,5.68,36.1,967.3,876,1.7122,30/01/23,13:19:05
-1,5.67,36.1,968.1,879,1.7268,30/01/23,13:19:15
-1,5.67,36.1,966.3,858,1.7119,30/01/23,13:19:25
-1,5.68,36.1,966.7,859,1.7267,30/01/23,13:19:35
-1,5.67,36.1,967.5,887,1.7119,30/01/23,13:19:45
-1,5.67,36.1,967.8,887,1.7266,30/01/23,13:19:55
-1,5.68,36.1,966.5,885,1.7118,30/01/23,13:20:05
-1,5.67,36.1,966.6,853,1.7265,30/01/23,13:20:15
-1,5.68,36.1,967.9,890,1.7117,30/01/23,13:20:25
-1,5.69,36.1,967.1,878,1.7264,30/01/23,13:20:35
-1,5.68,36.1,967.1,887,1.7115,30/01/23,13:20:45
-1,5.68,36.1,967.1,884,1.7263,30/01/23,13:20:55
-1,5.69,36.1,967.1,858,1.7115,30/01/23,13:21:05
-1,5.68,36.1,966.9,863,1.7262,30/01/23,13:21:15
-1,5.68,36.1,968,897,1.7113,30/01/23,13:21:25
-1,5.68,36.1,967.1,877,1.7261,30/01/23,13:21:35
-1,5.69,36.1,967.8,854,1.7112,30/01/23,13:21:45
-1,5.68,36.1,967.3,911,1.7259,30/01/23,13:21:55
-1,5.69,36.1,967.6,873,1.7111,30/01/23,13:22:05
-1,5.69,36.1,967.6,891,1.7258,30/01/23,13:22:15
-1,5.69,36.1,968.1,877,1.7111,30/01/23,13:22:25
-1,5.68,36.1,967.8,850,1.7257,30/01/23,13:22:35
-1,5.69,36.1,967.6,880,1.7109,30/01/23,13:22:45
-1,5.7,36.1,966.9,855,1.7256,30/01/23,13:22:55
-1,5.69,36.1,967.4,869,1.7107,30/01/23,13:23:05
-1,5.69,36.1,967.1,867,1.7255,30/01/23,13:23:15
-1,5.7,36.1,967.3,854,1.7107,30/01/23,13:23:25
-1,5.71,36.1,966.4,907,1.7254,30/01/23,13:23:35
-1,5.7,36.1,967.1,850,1.7105,30/01/23,13:23:45
-1,5.69,36.1,966.3,906,1.7253,30/01/23,13:23:55
-1,5.68,36.1,967.3,871,1.7105,30/01/23,13:24:05
-1,5.67,36.1,966.6,906,1.7252,30/01/23,13:24:15
-1,5.69,36.1,967.5,893,1.7104,30/01/23,13:24:25
-1,5.7,36.1,966.9,898,1.7251,30/01/23,13:24:35
-1,5.71,36.1,967.5,876,1.7103,30/01/23,13:24:45
-1,5.7,36.1,966.6,899,1.725,30/01/23,13:24:55
-1,5.69,36.1,967.2,855,1.7101,30/01/23,13:25:05
-1,5.7,36.1,966.7,894,1.7249,30/01/23,13:25:15
-1,5.71,36.1,967.6,873,1.71,30/01/23,13:25:25
-1,5.7,36.1,966.8,873,1.7248,30/01/23,13:25:35
-1,5.71,36.1,967.3,887,1.71,30/01/23,13:25:45
-1,5.7,36.1,966.3,910,1.7247,30/01/23,13:25:55
-1,5.7,36.1,966.8,857,1.7098,30/01/23,13:26:05
-1,5.7,36.1,966.5,909,1.7246,30/01/23,13:26:15
-1,5.7,36.1,966.9,889,1.7097,30/01/23,13:26:25
-1,5.71,36.1,966.4,891,1.7245,30/01/23,13:26:35
-1,5.72,36.1,966.8,894,1.7095,30/01/23,13:26:45
-1,5.71,36.1,967.1,871,1.7244,30/01/23,13:26:55
-1,5.71,36.1,966.1,893,1.7096,30/01/23,13:27:05
-1,5.7,36.1,967.7,894,1.7243,30/01/23,13:27:15
-1,5.7,36.1,966.6,888,1.7094,30/01/23,13:27:25
-1,5.71,36.1,967.2,898,1.7242,30/01/23,13:27:35
-1,5.71,36.1,966.5,895,1.7093,30/01/23,13:27:45
-1,5.7,36.1,967,864,1.7241,30/01/23,13:27:55
-1,5.7,36.1,966.7,884,1.7092,30/01/23,13:28:05
-1,5.7,36.1,966.1,863,1.724,30/01/23,13:28:15
-1,5.72,36.1,966.7,894,1.7091,30/01/23,13:28:25
-1,5.72,36.1,966.8,866,1.7239,30/01/23,13:28:35
-1,5.71,36.1,966.4,893,1.709,30/01/23,13:28:45
-1,5.71,36.1,966.6,861,1.7238,30/01/23,13:28:55
-1,5.72,36.1,966.7,892,1.7089,30/01/23,13:29:05
-1,5.72,36.1,966.5,877,1.7237,30/01/23,13:29:15
-1,5.72,36.1,966.9,890,1.7089,30/01/23,13:29:25
-1,5.71,36.1,966.2,859,1.7236,30/01/23,13:29:35
-1,5.71,36.1,967,894,1.7087,30/01/23,13:29:45
-1,5.72,36.1,966.6,889,1.7235,30/01/23,13:29:55
-1,5.73,36.1,967.3,869,1.7086,30/01/23,13:30:05
-1,5.71,36.1,967.3,904,1.7234,30/01/23,13:30:15
-1,5.71,36.1,967.3,836,1.7084,30/01/23,13:30:25
-1,5.73,36.1,967.4,889,1.7233,30/01/23,13:30:35
-1,5.72,36.1,967.1,865,1.7083,30/01/23,13:30:45
-1,5.72,36.1,967.6,854,1.7232,30/01/23,13:30:55
-1,5.73,36.1,966.6,853,1.7084,30/01/23,13:31:05
-1,5.72,36.1,966.5,849,1.723,30/01/23,13:31:15
-1,5.72,36.1,967.4,875,1.7081,30/01/23,13:31:25
-1,5.73,36.1,966.6,859,1.723,30/01/23,13:31:35
-1,5.72,36.1,967.5,884,1.7081,30/01/23,13:31:45
-1,5.71,36.1,967.2,901,1.7228,30/01/23,13:31:55
-1,5.73,36.1,967.7,859,1.7079,30/01/23,13:32:05
-1,5.73,36.1,967.6,875,1.7228,30/01/23,13:32:15
-1,5.72,36.1,966.4,863,1.7078,30/01/23,13:32:25
-1,5.73,36.1,966.2,852,1.7227,30/01/23,13:32:35
-1,5.74,36.1,966.8,883,1.7077,30/01/23,13:32:45
-1,5.74,36.1,966.5,878,1.7226,30/01/23,13:32:55
-1,5.74,36.1,967.7,911,1.7077,30/01/23,13:33:05
-1,5.73,36.1,967.3,915,1.7224,30/01/23,13:33:15
-1,5.73,36.1,966.5,853,1.7075,30/01/23,13:33:25
-1,5.75,36.1,966.4,884,1.7223,30/01/23,13:33:35
-1,5.74,36.1,967.1,859,1.7074,30/01/23,13:33:45
-1,5.73,36.1,966.1,859,1.7222,30/01/23,13:33:55
-1,5.73,36.1,967.4,904,1.7073,30/01/23,13:34:05
-1,5.74,36.1,967.6,882,1.7222,30/01/23,13:34:15
-1,5.73,36.1,966.9,866,1.7072,30/01/23,13:34:25
-1,5.73,36.1,966.8,863,1.722,30/01/23,13:34:35
-1,5.75,36.1,966.6,856,1.7072,30/01/23,13:34:45
-1,5.74,36.1,966.3,855,1.7219,30/01/23,13:34:55
-1,5.74,36.1,967.5,867,1.707,30/01/23,13:35:05
-1,5.74,36.1,967.6,871,1.7218,30/01/23,13:35:15
-1,5.73,36.1,966.4,852,1.7069,30/01/23,13:35:25
-1,5.74,36.1,966.4,852,1.7218,30/01/23,13:35:35
-1,5.74,36.1,967.2,876,1.7068,30/01/23,13:35:45
-1,5.73,36.1,967.4,864,1.7216,30/01/23,13:35:55
-1,5.74,36.1,967,863,1.7067,30/01/23,13:36:05
-1,5.75,36.1,967.6,872,1.7215,30/01/23,13:36:15
-1,5.74,36.1,966.1,849,1.7066,30/01/23,13:36:25
-1,5.73,36.1,965.9,841,1.7214,30/01/23,13:36:35
-1,5.74,36.1,967.6,884,1.7065,30/01/23,13:36:45
-1,5.75,36.1,967.4,882,1.7213,30/01/23,13:36:55
-1,5.74,36.1,966.8,848,1.7064,30/01/23,13:37:05
-1,5.74,36.1,966.1,873,1.7212,30/01/23,13:37:15
-1,5.75,36.1,967.6,863,1.7063,30/01/23,13:37:25
-1,5.76,36.1,967.4,863,1.7211,30/01/23,13:37:35
-1,5.76,36.1,966.3,851,1.7063,30/01/23,13:37:45
-1,5.75,36.1,966.5,883,1.721,30/01/23,13:37:55
-1,5.74,36.1,967,873,1.706,30/01/23,13:38:05
-1,5.76,36.1,967.1,858,1.7209,30/01/23,13:38:15
-1,5.75,36.1,966.7,870,1.706,30/01/23,13:38:25
-1,5.74,36.1,966.9,875,1.7208,30/01/23,13:38:35
-1,5.74,36.1,966,863,1.7059,30/01/23,13:38:45
-1,5.74,36.1,966.1,864,1.7207,30/01/23,13:38:55
-1,5.74,36.1,967.4,873,1.7058,30/01/23,13:39:05
-1,5.74,36.1,966.9,858,1.7206,30/01/23,13:39:15
-1,5.76,36.1,967.6,881,1.7058,30/01/23,13:39:25
-1,5.75,36.1,967.4,867,1.7205,30/01/23,13:39:35
-1,5.74,36.1,966.1,851,1.7055,30/01/23,13:39:45
-1,5.75,36.1,966.8,842,1.7204,30/01/23,13:39:55
-1,5.74,36.1,966.3,856,1.7056,30/01/23,13:40:05
-1,5.73,36.1,966.3,863,1.7203,30/01/23,13:40:15
-1,5.73,36.1,966.6,869,1.7054,30/01/23,13:40:25
-1,5.73,36.1,966,858,1.7202,30/01/23,13:40:35
-1,5.72,36.1,967.6,909,1.7053,30/01/23,13:40:45
-1,5.73,36.1,967.2,907,1.7202,30/01/23,13:40:55
-1,5.73,36.1,967.7,873,1.7052,30/01/23,13:41:05
-1,5.73,36.1,967.3,861,1.7201,30/01/23,13:41:15
-1,5.75,36.1,967.6,872,1.7052,30/01/23,13:41:25
-1,5.75,36.1,967.4,849,1.7199,30/01/23,13:41:35
-1,5.74,36.1,966.3,857,1.705,30/01/23,13:41:45
-1,5.74,36.1,966.9,863,1.7199,30/01/23,13:41:55
-1,5.73,36.1,966,866,1.7049,30/01/23,13:42:05
-1,5.73,36.1,966.8,859,1.7197,30/01/23,13:42:15
-1,5.74,36.1,966.3,863,1.7049,30/01/23,13:42:25
-1,5.73,36.1,966.7,868,1.7196,30/01/23,13:42:35
-1,5.72,36.1,966.3,894,1.7047,30/01/23,13:42:45
-1,5.74,36.1,966,864,1.7195,30/01/23,13:42:55
-1,5.75,36.1,966.4,895,1.7047,30/01/23,13:43:05
-1,5.73,36.1,966.2,862,1.7194,30/01/23,13:43:15
-1,5.74,36.1,966.9,896,1.7046,30/01/23,13:43:25
-1,5.73,36.1,966.4,865,1.7194,30/01/23,13:43:35
-1,5.73,36.1,967.2,913,1.7045,30/01/23,13:43:45
-1,5.73,36.1,966.9,892,1.7193,30/01/23,13:43:55
-1,5.73,36.1,967.5,880,1.7044,30/01/23,13:44:05
-1,5.73,36.1,967.7,882,1.7192,30/01/23,13:44:15
-1,5.73,36.1,967.1,854,1.7043,30/01/23,13:44:25
-1,5.74,36.1,967.5,865,1.7191,30/01/23,13:44:35
-1,5.74,36.1,967.3,875,1.7041,30/01/23,13:44:45
-1,5.74,36.1,967.4,873,1.719,30/01/23,13:44:55
-1,5.75,36.1,966.8,848,1.7042,30/01/23,13:45:05
-1,5.74,36.1,967.9,848,1.7189,30/01/23,13:45:15
-1,5.75,36.1,966.7,841,1.7039,30/01/23,13:45:25
-1,5.77,36.1,967.4,839,1.7188,30/01/23,13:45:35
-1,5.75,36.1,966.1,854,1.7038,30/01/23,13:45:45
-1,5.75,36.1,966.5,860,1.7187,30/01/23,13:45:55
-1,5.75,36.1,966.5,855,1.7038,30/01/23,13:46:05
-1,5.74,36.1,966.3,855,1.7185,30/01/23,13:46:15
-1,5.75,36.1,967.4,884,1.7037,30/01/23,13:46:25
-1,5.75,36.1,967.1,858,1.7185,30/01/23,13:46:35
-1,5.73,36.1,967.6,842,1.7036,30/01/23,13:46:45
-1,5.72,36.1,966.7,889,1.7184,30/01/23,13:46:55
-1,5.73,36.1,967.5,867,1.7035,30/01/23,13:47:05
-1,5.73,36.1,967,877,1.7183,30/01/23,13:47:15
-1,5.73,36.1,967.3,850,1.7034,30/01/23,13:47:25
-1,5.74,36.1,967.4,846,1.7182,30/01/23,13:47:35
-1,5.74,36.1,967.1,850,1.7033,30/01/23,13:47:45
-1,5.74,36.1,967.4,865,1.7181,30/01/23,13:47:55
-1,5.75,36.1,967,868,1.7032,30/01/23,13:48:05
-1,5.74,36.1,967.3,860,1.718,30/01/23,13:48:15
-1,5.74,36.1,966.4,853,1.7031,30/01/23,13:48:25
-1,5.73,36.1,967,870,1.7179,30/01/23,13:48:35
-1,5.72,36.1,965.9,857,1.703,30/01/23,13:48:45
-1,5.73,36.1,967,870,1.7178,30/01/23,13:48:55
-1,5.72,36.1,966.2,870,1.7029,30/01/23,13:49:05
-1,5.72,36.1,967,869,1.7177,30/01/23,13:49:15
-1,5.72,36.1,965.9,887,1.7029,30/01/23,13:49:25
-1,5.72,36.1,966.3,859,1.7176,30/01/23,13:49:35
-1,5.73,36.1,966.7,865,1.7027,30/01/23,13:49:45
-1,5.74,36.1,965.9,859,1.7175,30/01/23,13:49:55
-1,5.74,36.1,967.2,902,1.7027,30/01/23,13:50:05
-1,5.73,36.1,966.7,892,1.7174,30/01/23,13:50:15
-1,5.72,36.1,967.5,895,1.7024,30/01/23,13:50:25
-1,5.74,36.1,966.8,892,1.7173,30/01/23,13:50:35
-1,5.73,36.1,967.3,834,1.7023,30/01/23,13:50:45
-1,5.73,36.1,967.6,885,1.7172,30/01/23,13:50:55
-1,5.74,36.1,967,844,1.7024,30/01/23,13:51:05
-1,5.73,36.1,967.5,859,1.7171,30/01/23,13:51:15
-1,5.73,36.1,966.7,854,1.7023,30/01/23,13:51:25
-1,5.74,36.1,967.1,864,1.717,30/01/23,13:51:35
-1,5.73,36.1,966.6,861,1.7021,30/01/23,13:51:45
-1,5.73,36.1,966.4,860,1.7169,30/01/23,13:51:55
-1,5.73,36.1,966.2,884,1.7021,30/01/23,13:52:05
-1,5.73,36.1,966.1,860,1.7168,30/01/23,13:52:15
-1,5.73,36.1,966.9,894,1.702,30/01/23,13:52:25
-1,5.74,36.1,966.4,867,1.7168,30/01/23,13:52:35
-1,5.73,36.1,967.3,909,1.7019,30/01/23,13:52:45
-1,5.73,36.1,967.3,912,1.7167,30/01/23,13:52:55
-1,5.75,36.1,967,840,1.7018,30/01/23,13:53:05
-1,5.74,36.1,967.2,881,1.7166,30/01/23,13:53:15
-1,5.73,36.1,966.2,860,1.7016,30/01/23,13:53:25
-1,5.74,36.1,966.8,854,1.7165,30/01/23,13:53:35
-1,5.74,36.1,966.1,853,1.7016,30/01/23,13:53:45
-1,5.73,36.1,966.1,853,1.7164,30/01/23,13:53:55
-1,5.74,36.1,967.4,879,1.7016,30/01/23,13:54:05
-1,5.74,36.1,967.3,876,1.7163,30/01/23,13:54:15
-1,5.74,36.1,967.3,873,1.7014,30/01/23,13:54:25
-1,5.75,36.1,967.7,882,1.7163,30/01/23,13:54:35
-1,5.74,36.1,966.6,863,1.7014,30/01/23,13:54:45
-1,5.73,36.1,967.4,852,1.7161,30/01/23,13:54:55
-1,5.74,36.1,966.1,853,1.7013,30/01/23,13:55:05
-1,5.74,36.1,965.8,853,1.7161,30/01/23,13:55:15
-1,5.73,36.1,966.9,862,1.7012,30/01/23,13:55:25
-1,5.74,36.1,966.1,851,1.716,30/01/23,13:55:35
-1,5.74,36.1,967.1,894,1.7012,30/01/23,13:55:45
-1,5.73,36.1,966.6,897,1.7159,30/01/23,13:55:55
-1,5.73,36.1,967.2,835,1.7011,30/01/23,13:56:05
-1,5.73,36.1,967.1,870,1.7158,30/01/23,13:56:15
-1,5.73,36.1,966.5,859,1.7009,30/01/23,13:56:25
-1,5.74,36.1,966.9,835,1.7157,30/01/23,13:56:35
-1,5.73,36.1,966,858,1.7008,30/01/23,13:56:45
-1,5.73,36.1,967.1,873,1.7156,30/01/23,13:56:55
-1,5.73,36.1,965.9,875,1.7008,30/01/23,13:57:05
-1,5.73,36.1,966.5,865,1.7155,30/01/23,13:57:15
-1,5.74,36.1,966.2,865,1.7007,30/01/23,13:57:25
-1,5.74,36.1,966,841,1.7154,30/01/23,13:57:35
-1,5.73,36.1,966.2,870,1.7006,30/01/23,13:57:45
-1,5.73,36.1,966.2,847,1.7154,30/01/23,13:57:55
-1,5.75,36.1,966.2,893,1.7005,30/01/23,13:58:05
-1,5.74,36.1,966,879,1.7153,30/01/23,13:58:15
-1,5.73,36.1,966.7,897,1.7005,30/01/23,13:58:25
-1,5.73,36.1,966.9,864,1.7152,30/01/23,13:58:35
-1,5.73,36.1,967.4,881,1.7003,30/01/23,13:58:45
-1,5.74,36.1,967.4,881,1.7151,30/01/23,13:58:55
-1,5.74,36.1,967,861,1.7003,30/01/23,13:59:05
-1,5.73,36.1,967.4,843,1.715,30/01/23,13:59:15
-1,5.73,36.1,965.9,854,1.7001,30/01/23,13:59:25
-1,5.74,36.1,966.2,847,1.7149,30/01/23,13:59:35
-1,5.74,36.1,966.3,853,1.7001,30/01/23,13:59:45
-1,5.74,36.1,966.2,852,1.7148,30/01/23,13:59:55
-1,5.74,36.1,967,875,1.7001,30/01/23,14:00:05
-1,5.73,36.1,966.5,868,1.7147,30/01/23,14:00:15
-1,5.73,36.1,967.3,878,1.6999,30/01/23,14:00:25
-1,5.74,36.1,967.5,904,1.7147,30/01/23,14:00:35
-1,5.73,36.1,966.1,843,1.6997,30/01/23,14:00:45
-1,5.74,36.1,966.7,834,1.7146,30/01/23,14:00:55
-1,5.75,36.1,966.1,850,1.6998,30/01/23,14:01:05
-1,5.74,36.1,966,859,1.7145,30/01/23,14:01:15
-1,5.75,36.1,966.1,880,1.6996,30/01/23,14:01:25
-1,5.76,36.1,965.8,855,1.7144,30/01/23,14:01:35
-1,5.75,36.1,966.5,894,1.6996,30/01/23,14:01:45
-1,5.74,36.1,966.7,870,1.7143,30/01/23,14:01:55
-1,5.74,36.1,967.5,875,1.6995,30/01/23,14:02:05
-1,5.74,36.1,967.4,877,1.7142,30/01/23,14:02:15
-1,5.73,36.1,966.5,861,1.6994,30/01/23,14:02:25
-1,5.74,36.1,966.9,846,1.7142,30/01/23,14:02:35
-1,5.75,36.1,965.9,848,1.6993,30/01/23,14:02:45
-1,5.74,36.1,966.8,846,1.7141,30/01/23,14:02:55
-1,5.75,36.1,966.8,861,1.6993,30/01/23,14:03:05
-1,5.75,36.1,966.2,865,1.714,30/01/23,14:03:15
-1,5.75,36.1,967.1,877,1.6991,30/01/23,14:03:25
-1,5.75,36.1,967,882,1.7139,30/01/23,14:03:35
-1,5.75,36.1,966.8,836,1.699,30/01/23,14:03:45
-1,5.76,36.1,967.3,843,1.7138,30/01/23,14:03:55
-1,5.76,36.1,966.4,846,1.6988,30/01/23,14:04:05
-1,5.76,36.1,966.2,842,1.7138,30/01/23,14:04:15
-1,5.76,36.1,967.1,860,1.6989,30/01/23,14:04:25
-1,5.75,36.1,966.1,864,1.7136,30/01/23,14:04:35
-1,5.76,36.1,967.2,897,1.6988,30/01/23,14:04:45
-1,5.77,36.1,966.9,892,1.7136,30/01/23,14:04:55
-1,5.77,36.1,967.3,838,1.6986,30/01/23,14:05:05
-1,5.78,36.1,967,901,1.7135,30/01/23,14:05:15
-1,5.76,36.1,966.2,845,1.6986,30/01/23,14:05:25
-1,5.75,36.1,966.8,834,1.7134,30/01/23,14:05:35
-1,5.76,36.1,966.2,846,1.6986,30/01/23,14:05:45
-1,5.76,36.1,966.3,845,1.7133,30/01/23,14:05:55
-1,5.76,36.1,966.1,873,1.6985,30/01/23,14:06:05
-1,5.76,36.1,966,846,1.7132,30/01/23,14:06:15
-1,5.75,36.1,967.3,875,1.6983,30/01/23,14:06:25
-1,5.76,36.1,966.8,861,1.7132,30/01/23,14:06:35
-1,5.76,36.1,967.2,884,1.6983,30/01/23,14:06:45
-1,5.75,36.1,967.2,902,1.7131,30/01/23,14:06:55
-1,5.76,36.1,966.9,859,1.6983,30/01/23,14:07:05
-1,5.76,36.1,967.4,828,1.713,30/01/23,14:07:15
-1,5.75,36.1,965.7,849,1.6981,30/01/23,14:07:25
-1,5.75,36.1,966,848,1.7129,30/01/23,14:07:35
-1,5.75,36.1,966.3,848,1.698,30/01/23,14:07:45
-1,5.75,36.1,965.8,848,1.7128,30/01/23,14:07:55
-1,5.76,36.1,967,903,1.698,30/01/23,14:08:05
-1,5.76,36.1,966.4,860,1.7127,30/01/23,14:08:15
-1,5.75,36.1,967.3,891,1.6978,30/01/23,14:08:25
-1,5.77,36.1,967.3,912,1.7127,30/01/23,14:08:35
-1,5.78,36.1,966.9,837,1.6978,30/01/23,14:08:45
-1,5.76,36.1,967.4,879,1.7126,30/01/23,14:08:55
-1,5.76,36.1,966.5,859,1.6978,30/01/23,14:09:05
-1,5.76,36.1,967.3,861,1.7125,30/01/23,14:09:15
-1,5.76,36.1,966,853,1.6976,30/01/23,14:09:25
-1,5.77,36.1,966.3,855,1.7124,30/01/23,14:09:35
-1,5.76,36.1,966.3,875,1.6977,30/01/23,14:09:45
-1,5.76,36.1,965.9,845,1.7123,30/01/23,14:09:55
-1,5.8,36.1,966.7,869,1.6971,30/01/23,14:10:05
-1,5.87,36.1,967.2,894,1.7122,30/01/23,14:10:15
-1,5.92,36.1,965.7,837,1.6967,30/01/23,14:10:25
-1,5.96,36.1,965.6,840,1.712,30/01/23,14:10:35
-1,6.02,36.1,966.9,873,1.6963,30/01/23,14:10:45
-1,6.06,36.1,966.5,867,1.7119,30/01/23,14:10:55
-1,6.1,36.1,966.4,865,1.696,30/01/23,14:11:05
-1,6.13,36.1,966.5,839,1.7118,30/01/23,14:11:15
-1,6.16,36.1,965.4,856,1.6957,30/01/23,14:11:25
-1,6.2,36.1,965.8,838,1.7117,30/01/23,14:11:35
-1,6.24,36.1,966.1,858,1.6956,30/01/23,14:11:45
-1,6.25,36.1,966.8,868,1.7116,30/01/23,14:11:55
-1,6.27,36.1,966.7,874,1.6953,30/01/23,14:12:05
-1,6.3,36.1,966.6,881,1.7115,30/01/23,14:12:15
-1,6.31,36.1,965.7,862,1.695,30/01/23,14:12:25
-1,6.34,36.1,965.9,841,1.7114,30/01/23,14:12:35
-1,6.37,36.1,966.1,849,1.695,30/01/23,14:12:45
-1,6.37,36.1,965.8,848,1.7113,30/01/23,14:12:55
-1,6.39,36.1,967,903,1.6948,30/01/23,14:13:05
-1,6.41,36.1,966.8,870,1.7112,30/01/23,14:13:15
-1,6.42,36.1,965.7,866,1.6946,30/01/23,14:13:25
-1,6.44,36.1,965.9,830,1.7111,30/01/23,14:13:35
-1,6.46,36.1,965.8,850,1.6943,30/01/23,14:13:45
-1,6.48,36.1,965.7,850,1.711,30/01/23,14:13:55
-1,6.5,36.1,966.9,873,1.6942,30/01/23,14:14:05
-1,6.5,36.1,967,873,1.7109,30/01/23,14:14:15
-1,6.52,36.1,965.8,871,1.6941,30/01/23,14:14:25
-1,6.53,36.1,966.2,863,1.7108,30/01/23,14:14:35
-1,6.54,36.1,965.6,851,1.694,30/01/23,14:14:45
-1,6.54,36.1,965.9,859,1.7107,30/01/23,14:14:55
-1,6.55,36.1,966.4,862,1.6938,30/01/23,14:15:05
-1,6.55,36.1,966.4,865,1.7106,30/01/23,14:15:15
-1,6.56,36.1,966.9,883,1.6937,30/01/23,14:15:25
-1,6.57,36.1,967,896,1.7105,30/01/23,14:15:35
-1,6.57,36.1,965.6,847,1.6936,30/01/23,14:15:45
-1,6.57,36.1,966.7,830,1.7104,30/01/23,14:15:55
-1,6.58,36.1,965.7,843,1.6935,30/01/23,14:16:05
-1,6.59,36.1,965.6,853,1.7104,30/01/23,14:16:15
-1,6.59,36.1,966.8,868,1.6934,30/01/23,14:16:25
-1,6.6,36.1,966,852,1.7103,30/01/23,14:16:35
-1,6.6,36.1,966.8,871,1.6933,30/01/23,14:16:45
-1,6.59,36.1,966.7,902,1.7102,30/01/23,14:16:55
-1,6.59,36.1,966.5,849,1.6932,30/01/23,14:17:05
-1,6.59,36.1,966.6,833,1.7101,30/01/23,14:17:15
-1,6.59,36.1,965.4,844,1.6931,30/01/23,14:17:25
-1,6.6,36.1,965.8,844,1.71,30/01/23,14:17:35
-1,6.6,36.1,966.7,865,1.693,30/01/23,14:17:45
-1,6.61,36.1,965.7,857,1.7099,30/01/23,14:17:55
-1,6.61,36.1,966.9,890,1.6929,30/01/23,14:18:05
-1,6.62,36.1,966.9,908,1.7098,30/01/23,14:18:15
-1,6.62,36.1,965.9,855,1.6928,30/01/23,14:18:25
-1,6.62,36.1,966.1,866,1.7097,30/01/23,14:18:35
-1,6.62,36.1,965.5,844,1.6927,30/01/23,14:18:45
-1,6.63,36.1,965.4,843,1.7097,30/01/23,14:18:55
-1,6.63,36.1,966.9,851,1.6926,30/01/23,14:19:05
-1,6.63,36.1,966.5,859,1.7096,30/01/23,14:19:15
-1,6.64,36.1,966.7,864,1.6925,30/01/23,14:19:25
-1,6.64,36.1,966.8,886,1.7095,30/01/23,14:19:35
-1,6.64,36.1,966,847,1.6924,30/01/23,14:19:45
-1,6.64,36.1,965.6,838,1.7094,30/01/23,14:19:55
-1,6.64,36.1,966.7,869,1.6923,30/01/23,14:20:05
-1,6.65,36.1,966.6,864,1.7093,30/01/23,14:20:15
-1,6.65,36.1,966.8,864,1.6922,30/01/23,14:20:25
-1,6.65,36.1,966.4,873,1.7092,30/01/23,14:20:35
-1,6.65,36.1,965.4,844,1.6921,30/01/23,14:20:45
-1,6.65,36.1,965.7,840,1.7091,30/01/23,14:20:55
-1,6.65,36.1,966.7,874,1.692,30/01/23,14:21:05
-1,6.65,36.1,966.5,871,1.709,30/01/23,14:21:15
-1,6.65,36.1,966.2,867,1.6919,30/01/23,14:21:25
-1,6.65,36.1,966.9,872,1.709,30/01/23,14:21:35
-1,6.66,36.1,965.3,847,1.6918,30/01/23,14:21:45
-1,6.66,36.1,965.7,840,1.7089,30/01/23,14:21:55
-1,6.66,36.1,967.1,871,1.6917,30/01/23,14:22:05
-1,6.66,36.1,966.4,860,1.7088,30/01/23,14:22:15
-1,6.67,36.1,966.6,859,1.6916,30/01/23,14:22:25
-1,6.67,36.1,966.7,874,1.7087,30/01/23,14:22:35
-1,6.67,36.1,965.5,848,1.6915,30/01/23,14:22:45
-1,6.67,36.1,965.5,833,1.7086,30/01/23,14:22:55
-1,6.67,36.1,966.7,871,1.6915,30/01/23,14:23:05
-1,6.67,36.1,967,872,1.7085,30/01/23,14:23:15
-1,6.67,36.1,965.3,838,1.6914,30/01/23,14:23:25
-1,6.68,36.1,965.3,867,1.7084,30/01/23,14:23:35
-1,6.68,36.1,966.5,866,1.6912,30/01/23,14:23:45
-1,6.68,36.1,966.4,860,1.7083,30/01/23,14:23:55
-1,6.68,36.1,966.4,858,1.6911,30/01/23,14:24:05
-1,6.68,36.1,966,866,1.7083,30/01/23,14:24:15
-1,6.69,36.1,965.6,855,1.6911,30/01/23,14:24:25
-1,6.69,36.1,965.6,855,1.7082,30/01/23,14:24:35
-1,6.68,36.1,966.8,873,1.691,30/01/23,14:24:45
-1,6.68,36.1,966.8,872,1.7081,30/01/23,14:24:55
-1,6.68,36.1,966.6,866,1.6909,30/01/23,14:25:05
-1,6.69,36.1,966.3,870,1.708,30/01/23,14:25:15
-1,6.69,36.1,965.7,852,1.6908,30/01/23,14:25:25
-1,6.69,36.1,965.4,848,1.7079,30/01/23,14:25:35
-1,6.69,36.1,966.5,872,1.6907,30/01/23,14:25:45
-1,6.69,36.1,966.6,874,1.7078,30/01/23,14:25:55
-1,6.69,36.1,966.4,876,1.6906,30/01/23,14:26:05
-1,6.69,36.1,966.4,863,1.7077,30/01/23,14:26:15
-1,6.69,36.1,966.3,841,1.6905,30/01/23,14:26:25
-1,6.68,36.1,966,840,1.7076,30/01/23,14:26:35
-1,6.68,36.1,966.7,848,1.6904,30/01/23,14:26:45
-1,6.68,36.1,966.9,843,1.7075,30/01/23,14:26:55
-1,6.68,36.1,965.5,831,1.6903,30/01/23,14:27:05
-1,6.69,36.1,965.6,842,1.7074,30/01/23,14:27:15
-1,6.69,36.1,966.5,858,1.6902,30/01/23,14:27:25
-1,6.69,36.1,966.6,858,1.7073,30/01/23,14:27:35
-1,6.7,36.1,966.2,862,1.6901,30/01/23,14:27:45
-1,6.7,36.1,966.1,854,1.7072,30/01/23,14:27:55
-1,6.7,36,966.1,843,1.69,30/01/23,14:28:05
-1,6.69,36.1,965.5,843,1.7071,30/01/23,14:28:15
-1,6.69,36.1,966.9,865,1.6899,30/01/23,14:28:25
-1,6.7,36.1,966.4,868,1.707,30/01/23,14:28:35
-1,6.7,36.1,965.8,874,1.6898,30/01/23,14:28:45
-1,6.7,36.1,965.7,841,1.7069,30/01/23,14:28:55
-1,6.7,36.1,965.9,846,1.6897,30/01/23,14:29:05
-1,6.71,36.1,965.4,846,1.7068,30/01/23,14:29:15
-1,6.7,36.1,966.8,898,1.6896,30/01/23,14:29:25
-1,6.7,36.1,966.6,870,1.7067,30/01/23,14:29:35
-1,6.7,36.1,965.9,829,1.6895,30/01/23,14:29:45
-1,6.7,36,965.9,864,1.7066,30/01/23,14:29:55
-1,6.7,36.1,966.2,849,1.6894,30/01/23,14:30:05
-1,6.7,36.1,965.5,867,1.7065,30/01/23,14:30:15
-1,6.7,36.1,966.6,899,1.6893,30/01/23,14:30:25
-1,6.71,36.1,966.5,878,1.7064,30/01/23,14:30:35
-1,6.71,36.1,966.2,864,1.6892,30/01/23,14:30:45
-1,6.71,36.1,965.8,868,1.7063,30/01/23,14:30:55
-1,6.71,36.1,966.1,853,1.6891,30/01/23,14:31:05
-1,6.71,36.1,965.9,853,1.7063,30/01/23,14:31:15
-1,6.71,36.1,966.9,883,1.689,30/01/23,14:31:25
-1,6.7,36.1,967,854,1.7062,30/01/23,14:31:35
-1,6.7,36.1,965.8,835,1.6889,30/01/23,14:31:45
-1,6.7,36.1,965.6,835,1.7061,30/01/23,14:31:55
-1,6.7,36.1,966,854,1.6889,30/01/23,14:32:05
-1,6.71,36.1,965.4,855,1.706,30/01/23,14:32:15
-1,6.71,36.1,966.5,851,1.6887,30/01/23,14:32:25
-1,6.71,36.1,966.5,888,1.7059,30/01/23,14:32:35
-1,6.71,36,965,840,1.6886,30/01/23,14:32:45
-1,6.7,36,965.1,842,1.7058,30/01/23,14:32:55
-1,6.7,36.1,966.8,875,1.6885,30/01/23,14:33:05
-1,6.71,36.1,967.1,876,1.7057,30/01/23,14:33:15
-1,6.71,36,965.4,843,1.6884,30/01/23,14:33:25
-1,6.71,36.1,965.9,843,1.7056,30/01/23,14:33:35
-1,6.71,36.1,966,853,1.6883,30/01/23,14:33:45
-1,6.71,36,965.3,850,1.7054,30/01/23,14:33:55
-1,6.7,36.1,966.3,871,1.6882,30/01/23,14:34:05
-1,6.7,36.1,966,873,1.7053,30/01/23,14:34:15
-1,6.71,36,965.1,837,1.6881,30/01/23,14:34:25
-1,6.71,36,964.8,828,1.7053,30/01/23,14:34:35
-1,6.72,36.1,966.4,858,1.688,30/01/23,14:34:45
-1,6.71,36.1,966.2,870,1.7052,30/01/23,14:34:55
-1,6.71,36.1,965.9,864,1.6879,30/01/23,14:35:05
-1,6.71,36.1,966,862,1.705,30/01/23,14:35:15
-1,6.71,36,965.9,854,1.6878,30/01/23,14:35:25
-1,6.71,36,965.5,856,1.705,30/01/23,14:35:35
-1,6.71,36.1,966.7,870,1.6877,30/01/23,14:35:45
-1,6.71,36.1,966.4,870,1.7048,30/01/23,14:35:55
-1,6.71,36,965.1,837,1.6876,30/01/23,14:36:05
-1,6.71,36.1,965.2,873,1.7047,30/01/23,14:36:15
-1,6.72,36.1,966.7,870,1.6875,30/01/23,14:36:25
-1,6.72,36.1,966.1,868,1.7046,30/01/23,14:36:35
-1,6.72,36.1,965.3,870,1.6874,30/01/23,14:36:45
-1,6.72,36.1,965.3,840,1.7045,30/01/23,14:36:55
-1,6.72,36.1,966,848,1.6873,30/01/23,14:37:05
-1,6.71,36,965.4,842,1.7044,30/01/23,14:37:15
-1,6.71,36.1,966.1,881,1.6872,30/01/23,14:37:25
-1,6.71,36.1,965.9,863,1.7043,30/01/23,14:37:35
-1,6.72,36,965.3,829,1.6871,30/01/23,14:37:45
-1,6.71,36,965,833,1.7042,30/01/23,14:37:55
-1,6.71,36.1,966.7,868,1.687,30/01/23,14:38:05
-1,6.71,36.1,966.2,869,1.7041,30/01/23,14:38:15
-1,6.71,36.1,965.8,863,1.6869,30/01/23,14:38:25
-1,6.71,36.1,965.8,856,1.704,30/01/23,14:38:35
-1,6.71,36.1,966.3,844,1.6868,30/01/23,14:38:45
-1,6.72,36.1,965.8,833,1.7039,30/01/23,14:38:55
-1,6.72,36.1,966.3,848,1.6867,30/01/23,14:39:05
-1,6.72,36.1,966.5,841,1.7038,30/01/23,14:39:15
-1,6.72,36,964.9,839,1.6866,30/01/23,14:39:25
-1,6.72,36,965.2,834,1.7037,30/01/23,14:39:35
-1,6.72,36.1,966.6,874,1.6865,30/01/23,14:39:45
-1,6.72,36,966.5,875,1.7036,30/01/23,14:39:55
-1,6.72,36,965.3,870,1.6863,30/01/23,14:40:05
-1,6.71,36,965.2,836,1.7035,30/01/23,14:40:15
-1,6.71,36.1,966,857,1.6862,30/01/23,14:40:25
-1,6.72,36.1,965.8,852,1.7034,30/01/23,14:40:35
-1,6.71,36.1,966.3,865,1.6861,30/01/23,14:40:45
-1,6.71,36,966,866,1.7033,30/01/23,14:40:55
-1,6.71,36,965.5,840,1.6861,30/01/23,14:41:05
-1,6.71,35.9,965.4,830,1.7032,30/01/23,14:41:15
-1,6.7,36,966.6,846,1.686,30/01/23,14:41:25
-1,6.7,36,966.6,864,1.7031,30/01/23,14:41:35
-1,6.7,35.9,965.6,837,1.6859,30/01/23,14:41:45
-1,6.7,36.1,965.6,864,1.703,30/01/23,14:41:55
-1,6.7,36,966.6,856,1.6858,30/01/23,14:42:05
-1,6.7,36,966.9,856,1.7029,30/01/23,14:42:15
-1,6.7,36,965.9,864,1.6857,30/01/23,14:42:25
-1,6.7,36.1,966.1,827,1.7028,30/01/23,14:42:35
-1,6.7,36,965.5,846,1.6855,30/01/23,14:42:45
-1,6.71,35.9,965.4,858,1.7027,30/01/23,14:42:55
-1,6.71,36,967.2,867,1.6854,30/01/23,14:43:05
-1,6.7,36,966.6,867,1.7025,30/01/23,14:43:15
-1,6.7,35.9,965.8,869,1.6854,30/01/23,14:43:25
-1,6.7,35.9,965.2,869,1.7025,30/01/23,14:43:35
-1,6.7,36,966.4,859,1.6853,30/01/23,14:43:45
-1,6.7,36,966.1,846,1.7023,30/01/23,14:43:55
-1,6.7,36,966.8,863,1.6852,30/01/23,14:44:05
-1,6.7,36,966.2,866,1.7023,30/01/23,14:44:15
-1,6.7,35.9,965.5,837,1.6851,30/01/23,14:44:25
-1,6.7,35.9,965.6,827,1.7021,30/01/23,14:44:35
-1,6.7,36,967.1,853,1.685,30/01/23,14:44:45
-1,6.7,36,966.8,871,1.702,30/01/23,14:44:55
-1,6.69,36,966.2,833,1.6848,30/01/23,14:45:05
-1,6.7,36,966.2,853,1.7019,30/01/23,14:45:15
-1,6.7,36,966.4,846,1.6848,30/01/23,14:45:25
-1,6.69,35.9,966.1,844,1.7018,30/01/23,14:45:35
-1,6.7,36,966.3,848,1.6846,30/01/23,14:45:45
-1,6.7,36,966.6,839,1.7017,30/01/23,14:45:55
-1,6.7,35.9,965.5,833,1.6845,30/01/23,14:46:05
-1,6.7,35.8,965.6,835,1.7016,30/01/23,14:46:15
-1,6.69,36,966.8,873,1.6844,30/01/23,14:46:25
-1,6.7,36,966.6,873,1.7015,30/01/23,14:46:35
-1,6.7,35.8,965.4,842,1.6843,30/01/23,14:46:45
-1,6.69,35.9,965.5,876,1.7014,30/01/23,14:46:55
-1,6.69,36,966.7,875,1.6842,30/01/23,14:47:05
-1,6.7,36,966.7,878,1.7013,30/01/23,14:47:15
-1,6.7,35.8,965.6,838,1.6841,30/01/23,14:47:25
-1,6.7,35.9,965.6,877,1.7012,30/01/23,14:47:35
-1,6.7,36,966.9,875,1.684,30/01/23,14:47:45
-1,6.7,36,967.1,873,1.7011,30/01/23,14:47:55
-1,6.7,35.8,965.3,872,1.6839,30/01/23,14:48:05
-1,6.71,35.8,965.6,867,1.701,30/01/23,14:48:15
-1,6.71,35.9,967.1,870,1.6838,30/01/23,14:48:25
-1,6.71,35.9,966.9,873,1.7009,30/01/23,14:48:35
-1,6.7,35.8,965.5,839,1.6837,30/01/23,14:48:45
-1,6.71,35.8,965.8,874,1.7008,30/01/23,14:48:55
-1,6.71,35.9,966.5,871,1.6836,30/01/23,14:49:05
-1,6.71,35.9,966.6,873,1.7007,30/01/23,14:49:15
-1,6.71,35.8,965.6,835,1.6835,30/01/23,14:49:25
-1,6.71,35.8,965.5,876,1.7005,30/01/23,14:49:35
-1,6.7,35.9,967.9,872,1.6853,30/01/23,14:49:45
-1,6.52,35.9,967.7,871,1.7006,30/01/23,14:49:55
-1,6.36,35.9,966.8,873,1.6839,30/01/23,14:50:05
-1,6.4,36,967.1,837,1.7004,30/01/23,14:50:15
-1,6.53,35.8,965.9,850,1.6835,30/01/23,14:50:25
-1,6.61,35.8,965.9,862,1.7003,30/01/23,14:50:35
-1,6.53,35.9,967.3,873,1.6841,30/01/23,14:50:45
-1,6.4,35.9,967.3,870,1.7004,30/01/23,14:50:55
-1,6.26,35.8,966,870,1.6851,30/01/23,14:51:05
-1,6.08,35.8,966,839,1.7004,30/01/23,14:51:15
