StartDate,StartTime,TotScanConc,TotScanArea,TotScanVol,TotScanMass,10.32,11.01,11.74,12.51,13.34,14.23,15.17,16.18,17.26,18.41,19.64,20.96,22.37,23.87,25.48,27.21,29.05,31.03,33.14,35.41,37.85,40.46,43.26,46.27,49.51,52.99,56.74,60.78,65.14,69.84,74.92,80.42,86.38,92.84,99.85,107.49,115.8,124.88,134.8,145.66,157.59,170.7,185.15,201.1,218.75,238.32,260.07,284.29,311.3,341.48,375.25,413.11,455.59,503.31,556.99,617.4,685.46,762.19,848.75,946.48
221104,9:34:48,0.002,0.001,0,0,0,0,0,0,0,0,0,0,0,0,0,0,0,0,0,0,0,0,0,0,0,0,0,0,0,0,0,0,0,0,0,0,0,0,0,0,0,0,0,0,0,0,0,0,0,0,0,0,0,0,0,0,0,0,0,0,0,0,0,0
221104,9:36:11,0.002,0.001,0,0,0,0,0,0,0,0,0,0,0,0,0,0,0,0,0,0,0,0,0,0,0,0,0,0,0,0,0,0,0,0,0,0,0,0,0,0,0,0,0,0,0,0,0,0,0,0,0,0,0,0,0,0,0,0,0,0,0,0,0,0
221104,9:37:31,0.002,0.001,0,0,0,0,0,0,0,0,0,0,0,0,0,0,0,0,0,0,0,0,0,0,0,0,0,0,0,0,0,0,0,0,0,0,0,0,0,0,0,0,0,0,0,0,0,0,0,0,0,0,0,0,0,0,0,0,0,0,0,0,0,0
221104,9:38:52,0.002,0.001,0,0,0,0,0,0,0,0,0,0,0,0,0,0,0,0,0,0,0,0,0,0,0,0,0,0,0,0,0,0,0,0,0,0,0,0,0,0,0,0,0,0,0,0,0,0,0,0,0,0,0,0,0,0,0,0,0,0,0,0,0,0
221104,9:40:12,8.537,0.364,0.01,0.01,0,0,0,0,0,0,0,0,0,0,0,0,0,0,0,0,0,0,0,0,0,0,0,0,0,0,0,0.01,0.08,0.91,10.78,110.07,38.44,12.9,12.93,11.67,14.38,17.36,12.39,1.01,0.91,8.37,0.58,0.07,0.05,0.71,12.77,0.74,0.06,0.01,0,0,0,0,0,0,0,0,0,0
221104,9:41:32,0.002,0.001,0,0,0,0,0,0,0,0,0,0,0,0,0,0,0,0,0,0,0,0,0,0,0,0,0,0,0,0,0,0,0,0,0,0,0,0,0,0,0,0,0,0,0,0,0,0,0,0,0,0,0,0,0,0,0,0,0,0,0,0,0,0
221104,9:42:53,68.224,7.514,0.253,0.253,0,0,0,0,0,0,0,0,0,0,0,0,0,0,0,0,0,0,0,0,0,0,0,0,0,0,0,0,0,0,0,0,0,0.01,0.14,2.11,29.24,103.06,290.75,172.2,185.66,174.31,285.39,193.65,243.13,121.73,95.48,21.09,12.64,1,0.11,0.01,0,0,0,0,0,0,0,0
221104,9:44:13,5.682,0.134,0.002,0.002,0,0,0,0,0,0,0,0,0,0,0,0,0,0.03,0.14,0.81,4.71,19.08,3.59,0.63,0.45,2.64,15.39,2.04,0.3,0.25,2.01,17.41,15.54,1.72,3.84,37.75,12.34,1.18,0.21,1.12,15.21,14.41,0.96,0.75,9.68,0.64,0.08,0.01,0,0,0,0,0,0,0,0,0,0,0,0,0,0,0,0
221104,9:45:33,0.002,0.001,0,0,0,0,0,0,0,0,0,0,0,0,0,0,0,0,0,0,0,0,0,0,0,0,0,0,0,0,0,0,0,0,0,0,0,0,0,0,0,0,0,0,0,0,0,0,0,0,0,0,0,0,0,0,0,0,0,0,0,0,0,0
221104,9:46:54,7.524,0.004,0,0,64.95,81.76,61.76,38.61,16.25,5.18,1.44,0.37,0.09,0.02,0,0,0,0,0,0,0,0,0,0,0,0,0,0,0,0,0,0,0,0,0,0,0,0,0,0,0,0,0,0,0,0,0,0,0,0,0,0,0,0,0,0,0,0,0,0,0,0,0,0
221104,9:48:14,320.428,9.919,0.307,0.307,0,0,1.5,5.27,16.66,42.09,62.54,42.11,14.3,4.9,6.13,22.98,69.3,75.34,181.38,427.55,405.12,572.93,592.57,555.41,441.74,446.78,312.3,525.07,466.85,397.29,434.1,211.62,249.07,243.02,386.41,297.55,260.4,283.37,375.66,358.04,197.16,219.22,152.25,189.45,171.94,141.34,122.26,73.89,60.53,163.02,52.16,51.81,69.55,51.61,4.47,0.54,0.07,0.01,0,0,0,0,0,0
221104,9:49:35,151.155,6.224,0.189,0.189,0,0,0.03,0.14,0.6,2.38,9.05,33.09,79.67,62.03,49.23,65.39,64.6,83.24,49.87,75.63,116.38,177.41,141.5,57.13,87.53,144.66,139.19,50.86,116.02,159.1,197.12,176.11,172.48,218.84,131.68,105.75,223.29,93.05,151.74,230.24,175.32,184.45,185.93,132.19,84.43,164.45,31.52,110.49,75.59,164.37,25.08,13.13,12.57,2.49,15.29,1.09,0.13,0.02,0,0,0,0,0,0
221104,9:50:55,49.676,0.735,0.013,0.013,0,0,0,0,0,0,0,0,0,0,0,0,0,0.01,0.04,0.19,0.92,3.15,1.29,3.57,24.42,154.14,322.63,239.92,151.63,152.06,137.06,116.75,77.06,47.47,21.82,45.25,3.92,1.25,7.26,4.68,44.75,28.51,1.85,3.13,33.5,3.78,17.77,10.15,0.51,0.07,0.01,0,0,0,0,0,0,0,0,0,0,0,0,0
221104,9:52:15,2.547,0.185,0.006,0.006,0,0,0,0,0,0,0,0,0,0,0,0,0,0,0,0,0,0,0,0,0,0,0,0,0,0,0,0.01,0.12,1.38,13.13,1.12,1.15,11.91,11.68,0.97,0.16,0.88,12.5,1.05,0.13,0.58,8.98,0.64,0.09,0.53,8.81,0.77,0.08,0.01,0,0,0,0,0,0,0,0,0,0
221104,9:53:35,0.434,0.014,0,0,0,0,0,0,0,0,0,0,0,0,0,0,0,0,0,0,0,0,0,0,0,0,0,0,0,0,0,0,0,0,0,0.01,0.07,1,11.68,0.75,0.07,0.01,0,0,0,0,0,0,0,0,0,0,0,0,0,0,0,0,0,0,0,0,0,0
221104,9:54:56,0.373,0.048,0.002,0.002,0,0,0,0,0,0,0,0,0,0,0,0,0,0,0,0,0,0,0,0,0,0,0,0,0,0,0,0,0,0,0,0,0,0,0,0,0,0,0,0,0,0.03,0.57,9.16,0.44,0.04,0,0,0,0,0,0,0,0,0,0,0,0,0,0
221104,9:56:16,1.029,0.003,0,0,0,0,0,0,0,0,0,0,0,0.01,0.06,0.27,1.35,6.74,21.44,5.16,0.95,0.18,0.03,0.01,0,0,0,0,0,0,0,0,0,0,0,0,0,0,0,0,0,0,0,0,0,0,0,0,0,0,0,0,0,0,0,0,0,0,0,0,0,0,0,0
221104,9:57:36,0.002,0.001,0,0,0,0,0,0,0,0,0,0,0,0,0,0,0,0,0,0,0,0,0,0,0,0,0,0,0,0,0,0,0,0,0,0,0,0,0,0,0,0,0,0,0,0,0,0,0,0,0,0,0,0,0,0,0,0,0,0,0,0,0,0
221104,9:58:57,0.002,0.001,0,0,0,0,0,0,0,0,0,0,0,0,0,0,0,0,0,0,0,0,0,0,0,0,0,0,0,0,0,0,0,0,0,0,0,0,0,0,0,0,0,0,0,0,0,0,0,0,0,0,0,0,0,0,0,0,0,0,0,0,0,0
221104,10:00:17,0.002,0.001,0,0,0,0,0,0,0,0,0,0,0,0,0,0,0,0,0,0,0,0,0,0,0,0,0,0,0,0,0,0,0,0,0,0,0,0,0,0,0,0,0,0,0,0,0,0,0,0,0,0,0,0,0,0,0,0,0,0,0,0,0,0
221104,10:01:38,0.002,0.001,0,0,0,0,0,0,0,0,0,0,0,0,0,0,0,0,0,0,0,0,0,0,0,0,0,0,0,0,0,0,0,0,0,0,0,0,0,0,0,0,0,0,0,0,0,0,0,0,0,0,0,0,0,0,0,0,0,0,0,0,0,0
221104,10:02:58,1.154,0.002,0,0,0,0,0,0,0,0,0,0.02,0.09,0.4,1.81,8.19,22.28,6.4,1.29,0.26,0.05,0.01,0,0,0,0,0,0,0,0,0,0,0,0,0,0,0,0,0,0,0,0,0,0,0,0,0,0,0,0,0,0,0,0,0,0,0,0,0,0,0,0,0,0
221104,10:04:19,0.002,0.001,0,0,0,0,0,0,0,0,0,0,0,0,0,0,0,0,0,0,0,0,0,0,0,0,0,0,0,0,0,0,0,0,0,0,0,0,0,0,0,0,0,0,0,0,0,0,0,0,0,0,0,0,0,0,0,0,0,0,0,0,0,0
221104,10:05:39,0.002,0.001,0,0,0,0,0,0,0,0,0,0,0,0,0,0,0,0,0,0,0,0,0,0,0,0,0,0,0,0,0,0,0,0,0,0,0,0,0,0,0,0,0,0,0,0,0,0,0,0,0,0,0,0,0,0,0,0,0,0,0,0,0,0
221104,10:07:00,0.002,0.001,0,0,0,0,0,0,0,0,0,0,0,0,0,0,0,0,0,0,0,0,0,0,0,0,0,0,0,0,0,0,0,0,0,0,0,0,0,0,0,0,0,0,0,0,0,0,0,0,0,0,0,0,0,0,0,0,0,0,0,0,0,0
221104,10:08:20,0.002,0.001,0,0,0,0,0,0,0,0,0,0,0,0,0,0,0,0,0,0,0,0,0,0,0,0,0,0,0,0,0,0,0,0,0,0,0,0,0,0,0,0,0,0,0,0,0,0,0,0,0,0,0,0,0,0,0,0,0,0,0,0,0,0
221104,10:09:41,0.002,0.001,0,0,0,0,0,0,0,0,0,0,0,0,0,0,0,0,0,0,0,0,0,0,0,0,0,0,0,0,0,0,0,0,0,0,0,0,0,0,0,0,0,0,0,0,0,0,0,0,0,0,0,0,0,0,0,0,0,0,0,0,0,0
221104,10:11:01,0.002,0.001,0,0,0,0,0,0,0,0,0,0,0,0,0,0,0,0,0,0,0,0,0,0,0,0,0,0,0,0,0,0,0,0,0,0,0,0,0,0,0,0,0,0,0,0,0,0,0,0,0,0,0,0,0,0,0,0,0,0,0,0,0,0
221104,10:12:21,1.084,0.003,0,0,0,0,0,0,0,0,0,0,0.01,0.07,0.33,1.56,7.44,21.77,5.69,1.09,0.21,0.04,0.01,0,0,0,0,0,0,0,0,0,0,0,0,0,0,0,0,0,0,0,0,0,0,0,0,0,0,0,0,0,0,0,0,0,0,0,0,0,0,0,0,0
221104,10:13:42,0.376,0.03,0.001,0.001,0,0,0,0,0,0,0,0,0,0,0,0,0,0,0,0,0,0,0,0,0,0,0,0,0,0,0,0,0,0,0,0,0,0,0,0,0,0,0.04,0.65,9.63,0.49,0.04,0,0,0,0,0,0,0,0,0,0,0,0,0,0,0,0,0
221104,10:15:02,0.002,0.001,0,0,0,0,0,0,0,0,0,0,0,0,0,0,0,0,0,0,0,0,0,0,0,0,0,0,0,0,0,0,0,0,0,0,0,0,0,0,0,0,0,0,0,0,0,0,0,0,0,0,0,0,0,0,0,0,0,0,0,0,0,0
221104,10:16:23,1.027,0.003,0,0,0,0,0,0,0,0,0,0,0,0.01,0.06,0.27,1.34,6.7,21.43,5.17,0.95,0.18,0.03,0.01,0,0,0,0,0,0,0,0,0,0,0,0,0,0,0,0,0,0,0,0,0,0,0,0,0,0,0,0,0,0,0,0,0,0,0,0,0,0,0,0
221104,10:17:43,0.002,0.001,0,0,0,0,0,0,0,0,0,0,0,0,0,0,0,0,0,0,0,0,0,0,0,0,0,0,0,0,0,0,0,0,0,0,0,0,0,0,0,0,0,0,0,0,0,0,0,0,0,0,0,0,0,0,0,0,0,0,0,0,0,0
221104,10:19:03,0.002,0.001,0,0,0,0,0,0,0,0,0,0,0,0,0,0,0,0,0,0,0,0,0,0,0,0,0,0,0,0,0,0,0,0,0,0,0,0,0,0,0,0,0,0,0,0,0,0,0,0,0,0,0,0,0,0,0,0,0,0,0,0,0,0
221104,10:20:24,0.002,0.001,0,0,0,0,0,0,0,0,0,0,0,0,0,0,0,0,0,0,0,0,0,0,0,0,0,0,0,0,0,0,0,0,0,0,0,0,0,0,0,0,0,0,0,0,0,0,0,0,0,0,0,0,0,0,0,0,0,0,0,0,0,0
221104,10:21:44,0.002,0.001,0,0,0,0,0,0,0,0,0,0,0,0,0,0,0,0,0,0,0,0,0,0,0,0,0,0,0,0,0,0,0,0,0,0,0,0,0,0,0,0,0,0,0,0,0,0,0,0,0,0,0,0,0,0,0,0,0,0,0,0,0,0
221104,10:23:05,0.002,0.001,0,0,0,0,0,0,0,0,0,0,0,0,0,0,0,0,0,0,0,0,0,0,0,0,0,0,0,0,0,0,0,0,0,0,0,0,0,0,0,0,0,0,0,0,0,0,0,0,0,0,0,0,0,0,0,0,0,0,0,0,0,0
221104,10:24:25,0.002,0.001,0,0,0,0,0,0,0,0,0,0,0,0,0,0,0,0,0,0,0,0,0,0,0,0,0,0,0,0,0,0,0,0,0,0,0,0,0,0,0,0,0,0,0,0,0,0,0,0,0,0,0,0,0,0,0,0,0,0,0,0,0,0
221104,10:25:46,0.002,0.001,0,0,0,0,0,0,0,0,0,0,0,0,0,0,0,0,0,0,0,0,0,0,0,0,0,0,0,0,0,0,0,0,0,0,0,0,0,0,0,0,0,0,0,0,0,0,0,0,0,0,0,0,0,0,0,0,0,0,0,0,0,0
221104,10:27:06,0.002,0.001,0,0,0,0,0,0,0,0,0,0,0,0,0,0,0,0,0,0,0,0,0,0,0,0,0,0,0,0,0,0,0,0,0,0,0,0,0,0,0,0,0,0,0,0,0,0,0,0,0,0,0,0,0,0,0,0,0,0,0,0,0,0
221104,10:28:27,0.002,0.001,0,0,0,0,0,0,0,0,0,0,0,0,0,0,0,0,0,0,0,0,0,0,0,0,0,0,0,0,0,0,0,0,0,0,0,0,0,0,0,0,0,0,0,0,0,0,0,0,0,0,0,0,0,0,0,0,0,0,0,0,0,0
221104,10:29:47,0.002,0.001,0,0,0,0,0,0,0,0,0,0,0,0,0,0,0,0,0,0,0,0,0,0,0,0,0,0,0,0,0,0,0,0,0,0,0,0,0,0,0,0,0,0,0,0,0,0,0,0,0,0,0,0,0,0,0,0,0,0,0,0,0,0
221104,10:31:07,0.002,0.001,0,0,0,0,0,0,0,0,0,0,0,0,0,0,0,0,0,0,0,0,0,0,0,0,0,0,0,0,0,0,0,0,0,0,0,0,0,0,0,0,0,0,0,0,0,0,0,0,0,0,0,0,0,0,0,0,0,0,0,0,0,0
221104,10:32:28,0.002,0.001,0,0,0,0,0,0,0,0,0,0,0,0,0,0,0,0,0,0,0,0,0,0,0,0,0,0,0,0,0,0,0,0,0,0,0,0,0,0,0,0,0,0,0,0,0,0,0,0,0,0,0,0,0,0,0,0,0,0,0,0,0,0
221104,10:33:48,0.002,0.001,0,0,0,0,0,0,0,0,0,0,0,0,0,0,0,0,0,0,0,0,0,0,0,0,0,0,0,0,0,0,0,0,0,0,0,0,0,0,0,0,0,0,0,0,0,0,0,0,0,0,0,0,0,0,0,0,0,0,0,0,0,0
221104,10:35:09,0.002,0.001,0,0,0,0,0,0,0,0,0,0,0,0,0,0,0,0,0,0,0,0,0,0,0,0,0,0,0,0,0,0,0,0,0,0,0,0,0,0,0,0,0,0,0,0,0,0,0,0,0,0,0,0,0,0,0,0,0,0,0,0,0,0
221104,10:36:29,0.002,0.001,0,0,0,0,0,0,0,0,0,0,0,0,0,0,0,0,0,0,0,0,0,0,0,0,0,0,0,0,0,0,0,0,0,0,0,0,0,0,0,0,0,0,0,0,0,0,0,0,0,0,0,0,0,0,0,0,0,0,0,0,0,0
221104,10:37:50,0.002,0.001,0,0,0,0,0,0,0,0,0,0,0,0,0,0,0,0,0,0,0,0,0,0,0,0,0,0,0,0,0,0,0,0,0,0,0,0,0,0,0,0,0,0,0,0,0,0,0,0,0,0,0,0,0,0,0,0,0,0,0,0,0,0
221104,10:39:10,0.002,0.001,0,0,0,0,0,0,0,0,0,0,0,0,0,0,0,0,0,0,0,0,0,0,0,0,0,0,0,0,0,0,0,0,0,0,0,0,0,0,0,0,0,0,0,0,0,0,0,0,0,0,0,0,0,0,0,0,0,0,0,0,0,0
221104,10:40:31,0.002,0.001,0,0,0,0,0,0,0,0,0,0,0,0,0,0,0,0,0,0,0,0,0,0,0,0,0,0,0,0,0,0,0,0,0,0,0,0,0,0,0,0,0,0,0,0,0,0,0,0,0,0,0,0,0,0,0,0,0,0,0,0,0,0
221104,10:41:51,0.002,0.001,0,0,0,0,0,0,0,0,0,0,0,0,0,0,0,0,0,0,0,0,0,0,0,0,0,0,0,0,0,0,0,0,0,0,0,0,0,0,0,0,0,0,0,0,0,0,0,0,0,0,0,0,0,0,0,0,0,0,0,0,0,0
221104,10:43:12,0.002,0.001,0,0,0,0,0,0,0,0,0,0,0,0,0,0,0,0,0,0,0,0,0,0,0,0,0,0,0,0,0,0,0,0,0,0,0,0,0,0,0,0,0,0,0,0,0,0,0,0,0,0,0,0,0,0,0,0,0,0,0,0,0,0
221104,10:44:32,0.002,0.001,0,0,0,0,0,0,0,0,0,0,0,0,0,0,0,0,0,0,0,0,0,0,0,0,0,0,0,0,0,0,0,0,0,0,0,0,0,0,0,0,0,0,0,0,0,0,0,0,0,0,0,0,0,0,0,0,0,0,0,0,0,0
221104,10:45:53,0.002,0.001,0,0,0,0,0,0,0,0,0,0,0,0,0,0,0,0,0,0,0,0,0,0,0,0,0,0,0,0,0,0,0,0,0,0,0,0,0,0,0,0,0,0,0,0,0,0,0,0,0,0,0,0,0,0,0,0,0,0,0,0,0,0
221104,10:47:13,0.002,0.001,0,0,0,0,0,0,0,0,0,0,0,0,0,0,0,0,0,0,0,0,0,0,0,0,0,0,0,0,0,0,0,0,0,0,0,0,0,0,0,0,0,0,0,0,0,0,0,0,0,0,0,0,0,0,0,0,0,0,0,0,0,0
221104,10:48:33,0.4,0.023,0.001,0.001,0,0,0,0,0,0,0,0,0,0,0,0,0,0,0,0,0,0,0,0,0,0,0,0,0,0,0,0,0,0,0,0,0,0,0,0,0.05,0.75,10.47,0.57,0.05,0.01,0,0,0,0,0,0,0,0,0,0,0,0,0,0,0,0,0,0
221104,10:49:54,0.002,0.001,0,0,0,0,0,0,0,0,0,0,0,0,0,0,0,0,0,0,0,0,0,0,0,0,0,0,0,0,0,0,0,0,0,0,0,0,0,0,0,0,0,0,0,0,0,0,0,0,0,0,0,0,0,0,0,0,0,0,0,0,0,0
221104,10:51:14,0.002,0.001,0,0,0,0,0,0,0,0,0,0,0,0,0,0,0,0,0,0,0,0,0,0,0,0,0,0,0,0,0,0,0,0,0,0,0,0,0,0,0,0,0,0,0,0,0,0,0,0,0,0,0,0,0,0,0,0,0,0,0,0,0,0
221104,10:52:35,2.015,0.002,0,0,0,0,17.28,29.58,17.31,5.9,1.64,0.41,0.09,0.02,0,0,0,0,0,0,0,0,0,0,0,0,0,0,0,0,0,0,0,0,0,0,0,0,0,0,0,0,0,0,0,0,0,0,0,0,0,0,0,0,0,0,0,0,0,0,0,0,0,0
221104,10:53:55,0.002,0.001,0,0,0,0,0,0,0,0,0,0,0,0,0,0,0,0,0,0,0,0,0,0,0,0,0,0,0,0,0,0,0,0,0,0,0,0,0,0,0,0,0,0,0,0,0,0,0,0,0,0,0,0,0,0,0,0,0,0,0,0,0,0
221104,10:55:15,0.002,0.001,0,0,0,0,0,0,0,0,0,0,0,0,0,0,0,0,0,0,0,0,0,0,0,0,0,0,0,0,0,0,0,0,0,0,0,0,0,0,0,0,0,0,0,0,0,0,0,0,0,0,0,0,0,0,0,0,0,0,0,0,0,0
221104,10:56:36,33721.519,22.483,0.312,0.312,320531.74,296826.45,216804.2,149177.4,97213.6,59876.18,34397.62,17750.77,8076.33,3279.42,1179.43,434.41,279.97,333.28,289.14,211.84,219.13,222.55,196.36,136.21,122.21,175.93,119.18,111.4,150.25,129.46,121.86,103.8,169.39,150.78,222.3,161.4,61.35,92.5,46.35,133.47,148.4,144.58,39.23,46.52,133.9,99.58,140.43,92.41,112.89,82.03,80.16,66.22,68.05,62.21,5.25,0.65,0.09,0.01,0,0,0,0,0,0
221104,10:57:56,146576.94,81.796,0.668,0.668,957939.02,951366.27,811264.72,678848.99,555723.22,436805.84,323807.9,226489.75,147446.86,86163.82,45440.33,21888.18,9257.69,3511.03,1404.75,628.39,200.74,107.92,108.79,97.54,76.17,17.47,16.19,6.08,23.58,67.4,49.13,5.43,2.04,11.66,14.82,1.89,5.49,56.74,40.63,3.49,0.35,0.05,0.2,2.26,0.7,0.71,10.34,8.71,12.78,51.93,4.77,0.58,0.73,5.3,17.73,52.33,8.67,2.79,35.54,5.02,18.38,2.29,0.22,0.04
221104,10:59:17,112128.19,124.287,1.611,1.611,142507.03,141479.96,171262.17,204283.05,242612.79,286591.87,333358.39,372766.36,395351.46,394287.68,363289.24,308482.5,241407.15,170863.99,110186.08,65245.83,32347.71,13605.29,4504.55,1208.11,238.1,47.71,11.99,25.43,51.97,8.86,10.19,1.2,1.66,13.28,5.66,37.69,9.84,0.88,1.43,15.21,52.21,8.45,37.39,12.17,11.43,2.22,10.78,0.75,0.09,0.02,0.1,1.27,0.09,0.01,0.03,0.28,3.61,38.96,27.37,18.21,64.02,30.32,3.53,1.44
221104,11:00:37,133977.052,143.434,1.212,1.212,165708.22,167337.34,200227.32,238372.73,287345.33,347422.08,405341.55,446886.67,469196.89,461492.71,420352.65,357734.04,285397.19,211371.45,141123.76,85914.16,48044.76,22099.71,8678.86,2918.62,869.74,219.9,48.23,63.98,63.32,18.94,2.24,0.44,1.65,13.83,1.27,0.23,1.1,12.06,2.3,10.55,1.33,6.74,0.52,0.12,0.96,11.08,2.23,14.28,25,1.22,0.39,2.02,0.57,5.59,1.03,6.74,17.3,7.68,4.78,44.31,4.79,1.27,2.63,15.13
221104,11:01:57,80870.456,146.078,1.112,1.112,26655.76,25575.83,30557.91,36263.17,43091.1,52364.84,67360.26,90870.62,123789.13,169379.37,227789.64,281045.87,311545.88,319067.16,304129.34,264281.63,200991.08,133937.07,82746.36,41915.18,17334.7,5959.45,1734.27,411.3,106.33,13.84,2.11,2.12,14.47,1.47,1.46,12.25,0.93,0.35,2.91,31.05,2.44,0.3,0.72,9.93,2.22,14.21,10.7,6.27,0.52,0.05,0.02,0.14,1.46,10.35,0.48,0.04,0.01,0.01,0.28,2.77,27.51,1.57,0.93,10.97
221104,11:03:18,83506.027,144.195,0.882,0.882,36571.8,34854.4,36533.38,40089.95,46956.94,58160.71,75989.54,103515.24,141502.93,188388.32,239306.14,287445.35,326963.43,338414.58,303449.22,250092.1,188565.61,125662.85,73890.27,34994.06,14460.43,5607.91,1734.35,462.07,152.15,24.16,24.27,55.1,15.61,1.62,0.2,0.15,1.51,14.49,1.02,0.1,0.01,0,0.05,0.65,8.03,0.41,0.06,0.52,8.44,1.45,5.79,0.54,3.56,0.47,1.25,14.34,1.1,2.18,13.69,0.71,0.21,0.97,9.64,1.46
221104,11:04:38,57075.903,129.011,1.474,1.474,78363.93,75446.09,65969.95,58392.5,52103.41,46768.07,42920.69,40432.01,39325.58,40559.59,47249.48,62532.88,90089.85,128229.48,168039.31,203707.64,217201.18,191035.99,148324.19,103092.55,60787.66,31721.09,13521.34,4924.39,1217.77,262.4,33.57,4.81,2.86,20.11,44.98,3.62,0.39,0.04,0.01,0.01,0.05,0.76,10.55,0.58,0.05,0.01,0,0,0,0.02,0.44,7.63,0.41,0.14,0.01,0.02,0.39,2.82,4.43,37.1,2.03,1.34,18.13,15.61
221104,11:05:58,58150.746,122.851,1.568,1.568,92209.84,91977.76,81825.55,73292.51,67017.94,61740.02,56480.93,50901.81,46388.87,45661.67,51182.92,66618.92,91381.66,125023.16,162758.7,194441.71,202109.6,175474.94,134852.83,89025.08,53184.48,25109.41,9610.22,3595.1,1098.06,232.48,58.96,10.16,13.09,1.27,0.16,0.11,1.09,11.9,1.03,2.08,25.14,1.55,1.25,11.65,0.8,3.4,37.09,8.2,0.71,0.11,0.66,12,1.1,0.09,0.01,0.1,1.72,0.64,0.07,0.65,10.41,17.99,26.5,14.94
221104,11:07:19,46399.336,104.912,1.329,1.329,85976.87,84748.31,81023.78,77448.19,73392.54,69749.43,68229.63,67917.7,67071.16,64543.55,58208.96,49353.8,42199.63,37091.96,38748.92,50704.55,69113.82,94466.58,116373.34,112213.71,93064.77,67939.64,39570.6,18425.09,7265.79,2222.64,559.25,126.09,56.63,5.83,0.76,0.48,4.03,12.63,41.37,8.75,3.85,42.89,52.59,4.25,2.89,25.34,4.75,0.47,0.08,0.61,11.42,21.04,29.28,1.44,0.82,12.12,0.99,0.19,0.02,0,0.02,0.19,2.24,32.85
221104,11:08:39,46998.751,88.544,0.551,0.551,95190.47,90097.13,89587.72,89453.59,89903.5,90561.92,89305,84990.21,79492.97,74252.78,66269.25,52828.94,40194.12,34732.28,35896.32,43875.74,61257.99,85186.17,102173.05,96520.9,78939.6,49441.14,25017.4,11855.16,4595.05,1239.71,308.61,97.03,19.98,4.43,18.22,41.21,3.47,1.49,10.8,1.99,11.92,1.21,2.8,0.84,6.32,7.64,1.67,16,13.8,14.41,15.51,0.92,0.11,0.02,0.02,0.19,2.04,26.34,1.35,0.13,0.01,0,0,0
221104,11:09:59,46878.574,85.579,0.945,0.945,112687.7,111553.63,106190.68,104203.08,103870.99,100912.6,94524.14,87490.75,82218.99,77849.61,71756.86,65934.72,61828.59,55368.57,44650.13,34466.77,27057.5,25319.76,31526.5,45753.13,60881.74,60330.49,45970.46,28363.06,13863.09,5072.21,1670.23,428.23,116.11,44.08,4.4,0.64,1.33,13.4,16.58,11.09,1.43,8.05,10.02,1.3,4.4,1.14,11.28,9.27,2.36,3.56,40.04,2.94,3.85,37.31,6.16,7.59,0.56,0.15,1.97,20.46,18.07,2.48,9.42,0.68
221104,11:11:20,48897.171,79.329,1.427,1.427,134644.05,131903.64,126277.18,121935.27,118347.6,113573.25,107064.38,99395.05,90510.29,82858.9,77122.77,69769.96,60225.89,50356.13,41299.52,32447.95,25974.86,26374.4,32658.21,43078.6,47093.96,42733.6,32004.92,17598.86,7547.97,3089.86,968.08,429.87,132.32,27.32,17.2,13.66,1.19,0.23,1.17,12.96,1.26,2.93,34.18,1.88,0.28,0.59,7.63,18,11.46,0.6,0.6,10.01,0.85,0.3,1.37,0.4,5.51,1.86,15.73,18.87,3.22,16.13,3.93,29.39
221104,11:12:40,47691.513,80.325,1.451,1.451,117401.4,115687.28,106978.25,99376.04,95723.68,98148.15,102722.58,103148.14,101334.92,99917.94,95267.12,85138.1,74621.8,65283.78,55942.82,44407.76,33644.77,24972.58,18602.37,15612.73,18614.94,26813.24,31350.87,28333.2,19089.02,9796.58,4073.64,1242.13,310.63,72.49,7.8,0.97,0.12,0.02,0.07,0.94,11.26,0.71,0.8,10.36,0.55,0.07,0.01,0,0,0,0,0,0,0,0.01,0.07,0.06,0.43,7.13,9.26,4.69,29.81,34.36,6.1
221104,11:14:00,47867.115,66.72,0.783,0.783,120727.25,120186.66,118831.02,118743.47,120686.27,121811.47,117872.22,111295.61,105033.33,97076.55,87082.02,76921.34,66403.41,56386.23,47073.8,38522.35,29678.2,21110.36,16027.63,13796.12,15748.61,20499.66,23453.67,18550.15,11107.93,5246.79,2136.33,674.52,228.47,60.32,24.01,41.75,9.54,49.44,3.86,1.65,13.77,1.11,2.91,31.43,1.65,0.26,0.81,10.72,14.37,0.89,0.07,0.01,0,0,0,0,0.01,0.09,1.84,29.61,21.46,12.73,0.76,0.05
221104,11:15:21,43307.858,77.517,2.311,2.311,99790.12,97827.81,92974.94,88941.78,85959.76,85330.76,88277.12,92340.29,94471.3,94398.56,91778.13,86429.9,80227.71,72332.98,58800.76,47138.97,38052.6,29502.78,21579.95,15648.5,10350.84,8890.9,10553.77,13516.19,14870.88,10321.88,5433.85,2171.72,534.58,83.64,9.92,2.94,13.94,2.67,12.64,1.69,7.7,0.57,0.06,0.01,0.08,1.27,14.62,8.85,0.45,0.04,0,0,0.01,0.04,0.4,0.03,0.04,0.61,1.62,27.4,52.8,32.16,62.85,7.02
221104,11:16:41,44708.991,62.069,1.065,1.065,117807.74,117168.45,108670.36,102474.22,99543.86,99244.62,100092.93,100743.59,100020.62,97617.05,93334.7,85016.36,74392.7,64018.44,52111.92,40142.3,32032.72,24623.01,17714.37,11349.74,7986.86,7814.69,8527.91,9755.62,8718.7,5910.64,2731.86,1232.31,348.54,58.4,49.39,19.71,12.79,1.74,4.16,0.32,0.11,1.02,11.08,5.02,42.95,3.23,9.09,0.75,1.06,13.71,0.84,0.16,0.19,0.01,0.01,0.12,1.89,33.22,3.41,11.65,28.26,1.73,2.56,16.96
221104,11:18:01,40198.518,63.732,1.376,1.376,88123.07,84503.74,83891.54,84167.99,85488.61,86997.43,87949.56,87558.36,85627.96,83649.34,80953.85,76024.4,69842.05,64081.55,56916.57,48617.61,40593.54,33263.56,27177.44,19335.31,14176.23,8243.88,5239.56,4128.37,5640.82,6972.2,5713.9,2538.3,965.41,242.47,25.7,3.23,0.4,0.05,0.08,0.93,11.17,0.66,0.06,0.01,0,0,0.03,0.31,0.03,0.2,3.25,1.18,17.94,11.92,1.33,12.47,0.93,0.11,0.03,0.11,1.42,14.16,12.77,33.77
221104,11:19:22,43552.488,54.314,0.527,0.527,124475.3,121907.63,109263.34,100610.3,96940.06,96128.37,96317.11,96202.89,94167.58,90642.47,85416.49,79000.66,71385.92,62276.68,52304.23,42189.17,34619.05,26586.11,19556.44,12593.26,9141.43,5937.39,4053.36,4369.08,5207.69,5090.56,2701.61,1203.56,417.56,70.66,8.21,2.72,14.35,2.81,13.17,0.87,0.09,0.01,0,0,0.04,0.67,11.21,24.86,1.95,8.84,4.91,0.51,1.99,12.4,1.27,2.71,11.98,0.59,0.1,0.01,0.01,0.13,1.17,11.07
221104,11:20:42,40094.007,57.207,0.776,0.776,95080.16,93272.6,87866.66,85529.56,86933.83,89461.41,90897.02,90094.76,86016.68,80968.25,76710.35,70921.2,64384.07,59576.16,55955.35,48284.72,41184.9,34090.05,25726.7,19651.35,14123.06,9489.41,5426.95,3261.01,2529.56,2513.28,2626.06,1957.41,974.63,214.57,113.59,20.23,3.67,11.14,0.85,0.1,0.08,0.98,13.43,1.57,6.29,0.33,0.03,0.01,0.08,1.27,13.65,4.77,0.31,0.77,4.23,0.48,1.9,11.77,37.35,7.49,0.87,0.98,14.01,3.44
221104,11:22:02,40304.577,50.585,0.74,0.74,119184.52,115667.48,106250.88,99980.25,96570.1,94230.43,92516.7,91066.45,86957.5,79606.17,72788.09,67570.87,60884.3,51882.95,43915.18,37045.49,30115.63,24677.61,19923.17,14524.78,9360.16,6147.74,4183,2362.92,2022.04,2478.46,2012.91,982.55,626.46,124.5,72.45,9.7,16.72,13.06,2.25,10.83,0.74,0.16,1.13,11.74,2.05,11.44,0.57,0.05,0.01,0,0.05,0.7,8.77,0.89,6.17,0.32,0.07,0.02,0.06,0.66,4.76,41.42,2.89,0.19
221104,11:23:23,37043.003,48.068,0.398,0.398,103405,101361.01,92415.04,85018.89,79861.07,77034.07,76885,77919.06,77180.88,74632.45,70735.92,65801.32,59464.39,51022.86,43546.8,38757.03,33228.26,28191.45,23344.67,18960.24,13522.7,8894.81,5904.82,3648.29,1854.16,1454.72,1505.77,1442.6,762.77,384.74,84.41,17.99,1.87,0.23,0.03,0,0,0,0.04,0.69,10.22,0.53,0.05,0,0,0,0.04,0.58,10.29,10.8,8.6,0.44,0.04,0.01,0.01,0.02,0.06,0.67,9.75,0.71
221104,11:24:43,38198.919,48.42,0.815,0.815,106308.6,101611.46,96935.31,94215.84,93296.41,92459.7,90726.31,88506.42,84990.16,78934.49,72968.21,67098.84,57973.36,49323.24,41978.88,33529.14,27778.63,23777.44,17962.47,13077.53,9799.23,6099.76,3993.66,2614.24,1250.13,954.89,763.5,733.31,707.05,224.39,84.7,22.28,13.04,1.27,1.34,12.45,0.95,1.04,10.21,0.93,4.26,0.61,3.43,0.9,6.25,3.44,33.58,13.27,2.2,13.78,0.94,1.15,10.55,0.62,0.17,0.88,9.36,2.77,15.49,11.26
221104,11:26:03,36493.836,55.232,1.408,1.408,92347.26,92402.19,90293.4,87135.19,83980.25,81627.02,79449.36,77137.72,75000.65,72850.7,69334.51,64502.51,59304.66,52734.76,46126.54,41082.34,33634.8,25603.63,20347.49,15534.48,11779.21,9387.58,6129.02,4204.25,2534.75,1491.81,663.17,485.98,618.7,499.03,169.94,26.99,5.45,14.65,16.11,15.88,11.61,5.31,1.32,8.41,0.83,1.7,16.92,13.1,12.82,1.29,2.26,0.17,0.04,0.09,0.64,2.78,18.68,1.06,1.22,17.15,37.22,25.34,17.79,10.83
221104,11:27:24,36741.804,50.572,1.249,1.249,102627.39,102422.81,96878.63,91833.04,87970.34,85406.74,83605.69,82340.28,79591.98,73633.41,67925.79,63960.45,58719.79,50609.12,41730.95,33738.42,27331.56,21923.24,16943.79,12831.9,9300.79,6598.12,4494.39,2618.11,1475.86,759.44,278.66,386.73,448.09,200.8,32.69,21.02,49.6,15.48,2.76,10.51,0.72,0.09,0.01,0.06,0.91,10.87,8.85,0.46,0.07,0.59,10.62,1.08,0.11,0.25,3.9,3.52,0.5,2.04,3.88,62.89,28.73,2.31,3.34,18.78
221104,11:28:44,337102.188,1376.581,9.998,9.998,36587.39,35728.51,40986.83,47499.89,56424.35,68726.17,85219.58,106714.51,132270.18,163002.84,207375.5,269813.25,339642.32,419103.14,521559.03,652723.39,781987.82,912925.81,1037404.82,1135889.07,1132544.17,1025546.35,837686.29,629013.7,436651.82,262993.14,156027.72,90841.66,48490.25,24671.27,10759.42,4735.62,2153.61,1023.28,288.13,64.81,52.5,4,0.45,0.05,0.01,0,0,0,0.03,0.53,8.93,0.44,0.56,8.77,0.42,0.08,0.01,0,0,0,0.01,0.13,2.27,33.33
221104,11:30:04,368846.515,2308.032,19.662,19.662,44985.5,45051.02,45987.41,48767.21,55444.71,66161.33,78786.81,92575.31,107055.29,121333.85,138031.46,160174.12,190792.94,233747.89,289908.27,354006.71,423930.79,518278.03,639612.67,741424.59,842781.95,976503.16,1068809.29,1103556.82,1082929.21,982425.26,810729.73,594405.93,363345.02,220989.19,121620.16,59031.7,25502.63,11474.58,3963.03,1101.82,439.76,127.54,39.41,3.15,0.34,0.04,0,0,0,0,0,0,0,0,0,0,0,0,0.03,0.6,9.24,0.51,0.05,0
221104,11:31:25,180338.393,2156.607,23.9,23.9,2982.26,3084.09,3104.95,3246.19,3308.09,3327.56,3548.5,4083.74,5007.51,6249.84,7638.38,9436.93,11463.1,14047.16,17916.29,23844.95,33293.03,46039.39,62623.56,87448.6,121249.3,167245.32,228472,309106.96,419418.89,534361.16,661943.1,732476.07,748424.23,677210.75,497867.92,302808.21,164777.61,73172.28,26243.12,8160.39,2089.37,534.3,115.44,9.82,1.07,0.12,0.01,0,0,0,0,0,0,0,0,0,0,0,0,0,0,0,0,0
221104,11:32:45,136160.652,1832.589,21.66,21.66,4475.01,4852.03,4704.7,4629.28,4859.8,5454,6109.83,6487.07,6634.08,6806.14,6948.79,7242.73,8347.41,10284.94,11683.23,14320.4,19824.67,28420.48,39106.34,53590.98,77829.76,108063.19,140280.21,178574.97,228944.66,290959.47,378595.37,477950.99,552441.35,561577.55,513617.93,363599.58,218344.22,111214.07,47105.68,16600.61,4449.79,1447.21,370.97,138.14,18.24,1.62,0.18,0.02,0,0,0,0,0,0,0,0,0,0,0,0,0,0,0,0
221104,11:34:05,81964.886,1647.607,23.414,23.414,3456.43,3533.16,3267.97,3181.06,3250.32,3296.25,3391.69,3675.56,4086.83,4101.22,3425.56,3264.11,3583.62,3246.55,2827.4,2856.45,2992.32,3545.99,4692.14,6576.38,8993.64,12634.66,20532.62,32742.65,47867.51,68270.89,93646.43,128174.71,174308.9,246501.7,334322.35,393295.46,388963.79,308908.75,197481.47,92117.86,32350.57,9450.94,1999.03,414.01,69.03,6.21,0.68,0.07,0.01,0,0,0,0,0,0,0,0,0,0,0,0,0,0,0
221104,11:35:26,60025.233,1337.489,20.169,20.169,2234.54,2625.55,2952.94,3259.96,3447.84,3527.31,3616.16,3769.44,3920.1,4278.59,4650.59,4365.34,3646.73,3078.95,2621.54,2693.84,2789.87,2896.87,3376.27,4746.45,5995.42,7759.91,12744.37,21483.03,31423.09,42792.98,56964.8,77530.64,96572.41,122989.19,170645.1,240113.67,292558.31,281630.12,213097.88,119640.19,51429.98,18848.78,5955.47,1727.85,456.29,116.77,56.33,12.99,1.01,0.11,0.01,0,0,0,0,0,0,0,0,0,0,0,0,0
221104,11:36:46,40552.259,1284.673,22.953,22.953,1819.42,1539.26,1819.92,2253.56,2785.43,3102.99,3150.73,3214.22,3192.74,3128.99,3198.53,3116.23,2530.96,2416.45,2809.85,3187.67,3192.76,3542.63,3958.67,3504.01,2815.79,2724.67,2979.07,3588.26,4709.09,7258.98,11864.15,17160.72,25864.37,34600.03,46157.07,64595.35,93820.04,142236.88,198888.47,225754.74,184006.82,103371.58,39058.17,10004.66,2012.25,293.83,53.18,4.9,0.53,0.06,0.01,0,0,0,0,0,0,0,0,0,0,0,0,0
221104,11:38:06,28021.538,931.87,17.674,17.674,2968.68,2938.05,2591.58,2337.41,2252.58,2406.92,2823.05,3346.72,3811.49,4335.07,5082.03,5942.9,6773.23,6994.69,6044.37,5064.79,4331.34,3489.95,3018.4,3354.32,2903.41,2536.72,2407.53,2274.52,3626.34,6583.18,12190.56,17520.42,23986.57,29607.64,33146.73,33957.24,37222.56,49653.47,87932.35,123941.21,142517.12,109382.66,54659.93,21001.2,6228.96,1811.01,432.33,132.22,70.6,13.55,1.1,0.12,0.01,0,0,0,0,0,0,0,0,0,0,0
221104,11:39:27,25298.146,939.302,21.004,21.004,10129.6,9930.93,9602.4,9499.75,9394.53,9250.27,9438.34,10167.8,11295.64,12794.83,14384.78,15032.38,15287.49,16065.83,15505.03,14063.87,13786.83,13259.19,10302.83,8544.08,7272.91,5999.91,5338.54,3714.79,2937.59,2968.68,3194.21,4481.39,7259.89,11331,14824.78,16581.91,17031.36,19583.28,19783.52,27047.18,45666.57,77587.61,106514.09,97450.77,52775.85,14996.94,2665.91,377.4,62.35,6.26,0.7,0.07,0.01,0,0,0,0,0,0,0,0,0,0,0
221104,11:40:47,42861.859,939.25,22.875,22.875,17774.38,17670.32,19333.5,21073.39,23393.28,27058.72,31788.79,35955.78,39343.99,42262.59,43203.39,43789.27,47477.33,53222.53,59165.71,63837.46,66966.09,64493.42,61532.57,55017.49,49206.16,42141.65,34347.27,25939.68,19040.24,13816.26,10571.35,8467.93,7395.22,8882.14,12454.7,18369.97,19685.75,18474.22,19065.25,19104.13,13020.47,12785.33,24552.53,50004.24,72514.68,60884.02,28384.12,8372.28,2534.66,831.71,291.92,79.24,15.17,1.62,3.95,44.99,13.73,1.13,0.1,0.01,0,0,0,0
221104,11:42:07,78269.128,1373.064,33.169,33.169,25933.92,25930.68,26902.14,28619.26,31666.25,34728.55,36975.4,39753.72,43302.65,47316.74,51481.12,55584.78,59231.86,63357.82,67376.94,74342.06,83634.67,91921.87,99897.95,107194.42,111317.49,117618.07,126078.75,121760.57,115810.23,109090.13,104292.68,94802.26,84965.56,79549.93,65153.6,55784.56,43731.72,33611.75,29843.5,22036.99,14434.16,13936.57,13323.24,9127.94,11762.24,23991.76,44571.69,55180.22,32304.39,6942.54,843.33,90.82,11.55,3.08,14.07,0.86,0.08,0.01,0,0.01,0.05,0.68,9.86,0.71
221104,11:43:28,110717.01,1534.402,34.071,34.071,29709.31,29239.06,33251.74,38351.78,43278.94,47878.74,54226.86,63076.18,72177.05,81756.01,94675.18,107212.09,117362.6,128969.3,139484.22,149066.96,153180.61,159611.86,168148.2,167965.92,170930.61,161830.53,146484.95,130898.88,119555.66,105503.81,96973.2,93684.81,89904.79,85549.55,82968.8,77389.89,74955.87,72697.67,69765.46,62529.26,51646.16,38275.94,28325.5,16307.39,7537.69,5786.23,10845.58,21808.67,30794.4,19796.41,5675.65,1677.63,507.38,161.1,119.66,12.82,13.43,1.23,1.59,16.08,1.08,0.16,0.02,0
221104,11:44:48,101035.701,2023.999,47.697,47.697,21812.31,21570.93,21127.3,21092.76,21951.97,24154.09,28112.2,34524.82,42729.56,50337.5,58072.37,67555.47,76751.06,83843.05,90778.42,95849.17,102779.18,108715.05,116112.77,125759.37,134192.53,139090.02,130806.65,118199.15,111117.45,106585.99,97952.35,96081.5,100463.84,103966.58,105504,106147.84,108318.36,104193.46,97424.43,92611.73,80181.56,73880.11,62191.38,51119.99,37434.88,21542.92,9764.43,6065.89,8990.49,17624.81,21888.54,9917.07,1481.52,142.21,18.1,2.47,0.34,0.04,0,0,0,0.04,0.76,11.09
221104,11:46:08,99684.258,2014.708,47.384,47.384,21222.71,21608.23,23716.24,25845.96,28664.68,33245.51,39454.67,45492.63,51256.49,59492.82,70270.84,79111.12,84905.45,90848.52,96906.77,103721.58,113400.55,122086.05,124776.28,127123.88,126524.83,121396.45,114202.04,103887.5,96093.58,93107.37,90929.14,88119.92,83917.15,81972.72,80463.02,78833.9,78415.98,79677.28,81550.15,87494.7,84768.4,85084.19,74681.39,67591.76,55477.33,37625.13,20685.45,9730.98,6542.39,10437.18,13354.88,8157.09,2313.19,585.59,241.64,55.13,5.93,0.74,0.1,0.12,1.19,10.99,0.62,0.04
221104,11:47:29,87859.821,2383.43,63.146,63.146,21231.05,22535.27,25372.02,27394.41,28596.57,29626.19,31309.98,33988.79,37395.77,41145.25,45402.93,49229.29,53278.12,58815.2,61918.89,63060.28,66085.45,69828.56,75660.37,85795.74,95035.68,101425.12,108478.23,112425.98,112032.23,106982.9,96571.51,86105.8,78976.79,74590.63,69252.42,66906.31,71333.35,72768.05,70242.59,72938.85,73471.51,73777.49,75580.84,77375.45,71516.84,59929.26,51384.05,32404.34,16188.55,7298.03,6650.65,9848.32,10372.76,2827.73,339.37,41.28,16.22,1.93,1.67,12.24,0.69,0.09,0.01,0
221104,11:48:49,86160.491,2076.062,53.171,53.171,19317.31,20056.91,20621.98,22012.78,25174.15,29811.58,33926.71,37009.62,40197.87,43531.54,47176.86,51853.36,57171.32,61196.31,64807.79,70022.02,78313.34,90487.55,98076.28,105175.79,111385.03,117032.18,111772.06,102020.86,91659.57,83091.43,80975.06,79635,77026.06,75508.59,78567.18,79512.44,76594.62,76475.11,74046.08,66096.1,62933.64,57301.12,55383.37,52815.03,51355.68,50097.49,44778.87,33130.49,20295.39,9057.48,5893.45,7146.11,4667.55,1896.43,445.08,131.85,93.71,58.34,17.9,1.68,0.21,0.03,0,0
221104,11:50:09,114419.966,2540.277,68.88,68.88,22984.84,24032.81,26885.46,30225.26,34834.58,41311.09,49892.55,60600.04,73049.42,84724.8,92358.43,97746.78,103165.33,108011.93,115633.61,128693.6,143537.76,149213.88,157492.57,161829.84,162460.78,162761.24,159263.35,144995.56,128426.22,108264.22,91399.92,76435.12,69312.18,67703.02,64206.25,63117.33,63589.51,68428.47,69046.55,71395.01,69624.18,69843.24,64139.32,57586.18,53179.19,49661.61,48224.31,48737.95,36703.29,23609.98,11491.98,4965.47,4318.62,4698.88,1754.31,193.33,25.57,15.03,1.58,0.22,0.02,0,0,0
221104,11:51:29,119682.351,2260.735,57.43,57.43,22301.9,23319.88,28470.11,34416.78,40976.36,47992.11,56332.87,66337.61,75033.31,80473.09,87130.52,97218.43,106359.14,116266.28,130790.89,143637.7,151952.44,161810.06,174684.11,185637.53,191165.32,183523.39,169391.92,150628.02,134163.37,119070.22,103939.26,94292.44,87722.35,78347.29,72537.41,72414.89,68008.65,67246.74,68556.59,64981.7,64478.14,58777.98,58339.68,54272.54,46509.68,42585.8,36753.41,32317.67,29776.19,20317.67,10932.04,5198.7,2956.71,2426.4,906.04,297.87,41.35,15.78,1.68,0.22,0.03,0,0,0
221104,11:52:50,85136.765,2374.061,67.034,67.034,19642.56,21217.87,21485.03,21085.16,20915.76,21749.96,24192.59,29075.46,35625.53,42261.49,47137.37,49551.05,51903.84,56024.25,62565.1,73962.49,90444.85,106047.76,120120.19,125176.5,116121.52,105011.58,93446.49,81058.17,76604.24,71899.64,69661.7,68272.33,69524.46,70645.93,72659.1,74620.89,72179.38,71400.82,72380.87,72344.55,70005.28,65493.06,61415.95,55043.52,48517.24,45405.09,38163.84,32119.55,28227.4,25347.37,19905.98,11376.11,4487.17,1801.53,2084.55,546.57,54.53,6.99,0.86,0.13,0.02,0,0,0
221104,11:54:10,75773.824,2042.59,54.438,54.438,18055.26,18635.84,19111.08,19730.56,20503.2,21290.49,21770.97,22794.48,25487.17,29833.84,36752.73,46239.65,56014.89,61735.12,64877.45,68575.23,74297.62,77675.02,78441.03,77807.37,74091.98,72003.11,73555.36,74136.2,71452.98,69109.02,71260.13,75223.21,77382.11,76372.27,75222.21,73742.41,76241.64,74860.25,74188.86,76925.74,70287.56,67543.25,57784.3,51116.42,41924.51,36047.01,32095.28,26113.18,21685.36,17292.09,13330.42,8193.2,3483.25,1795.64,977.96,271.89,116.25,10.93,1.43,0.2,0.03,0,0,0
221104,11:55:31,79980.917,2526.492,74.206,74.206,11994.54,11310.5,14304,17261.88,20600.83,23951.78,26598.74,28707.99,30043.87,31712.19,34586.76,37245.54,40650.29,47093.32,55922.03,64734.23,72855.33,82096.61,91580.75,99639.6,105525.77,101990.69,93787.37,88523.12,83546.74,79637.58,75257,69610.07,65970.8,67166.54,65532.58,61332.95,60163.12,63497.37,66901.33,66445.7,70031.43,70078.05,71039.81,66661.7,56572.21,49014.95,43906.76,34695.58,28448.47,22327.29,19441.33,14471.13,8796.98,3945.49,1265.89,630.08,155.6,16.11,2.25,1.74,14,1.27,0.12,0.01
221104,11:56:51,74091.122,1879.716,52.325,52.325,21323.1,21449.62,23255.37,24752.63,25890.68,27545.72,30985.14,36260.47,41343.86,44213.39,46907.01,51098.29,55428.68,58039.83,61625.8,69457.56,77237.69,84714.55,85931.02,87090.94,86890.65,85324.89,86531.63,84718.23,75436.83,69485.92,64641.84,58014.66,57386.36,55762.24,57293.05,56760.33,59863.4,59099.45,57765.34,54110.71,55792.67,54395.99,52054.95,49500.63,44811.49,40039.55,31448.32,23991.04,19197.97,14447.54,10698.69,8368.77,4669.88,2460.96,937.71,404.58,256.07,42.52,52.12,21.12,15.69,3.8,13.31,1.65
221104,11:58:11,69258.622,1993.42,58.843,58.843,19394.33,19572.48,18534.28,18450.39,19740.44,22394.41,26454.45,31936.24,38104.06,43886.63,49120.61,52657.08,54830.27,57391.87,61190.83,67242.76,75374.41,85449.15,84677.1,81728.23,80981.49,73218.85,70114.98,63445.52,58715.4,57667.39,54536.92,55963.98,52765.68,50050.91,50676.47,50584.37,50346.5,52251.07,55980.8,55532.49,53926.7,50557.69,47403.51,42643.27,42766.88,41636.79,36853.73,31424.38,24891.22,18777.31,13302.33,9343.78,6347.04,3872.66,1614.47,513.23,157.5,51.75,5.43,0.73,0.1,0.01,0,0
221104,11:59:32,72320.593,1750.428,49.002,49.002,23857.86,25040.87,27356.66,29719.1,31908.86,33677.53,36118.01,41144.94,48647.19,56649.45,64260.26,70432.01,72249.24,73085.82,77656.8,82811.71,84089.68,80832.15,81946.21,79777.57,72089.09,69615.83,67923.27,66108.72,59171.34,52080.75,52035.66,52751.72,49367.56,47272.6,48878.57,52108.25,49840.93,56331.88,58852.75,57194.48,52419.22,51620.7,44599.57,41619.65,35349.38,32269.82,30792.43,25773.5,20075.75,16070.78,11096.44,7013.36,4474.93,2579.06,932.08,427.48,151.57,50.7,5.29,0.69,0.09,0.01,0,0
221104,12:00:52,100780.052,2278.586,65.217,65.217,22952.54,23546.28,26384.84,29534.61,32677.75,35792.53,39531.69,44172.22,48672.95,52631.45,57947.3,63755.93,69361.7,77650.95,87661.71,97052.85,103707.49,113665.81,128154.11,142483.14,158121.67,168218.18,166045.44,153431.5,135021.56,116760.14,104612.39,92090.5,86084.48,79294.87,74601.83,69176.38,64782.14,61941.29,57809.12,54751.81,52908.07,49703.49,48691.76,48598.83,41463.15,34397.78,31284.68,28175.57,25491.89,21551.75,17879.65,10760.78,7602.43,4661.13,2285.35,909.34,149.58,50.94,5.39,0.73,0.1,0.01,0,0
221104,12:02:12,161108.85,2754.816,67.055,67.055,26763.13,25090.6,26229.41,29108.59,34409.23,41314.98,48846.82,56619.98,63315.75,67994.1,71956.71,80725.27,104054.15,141894.7,181699.57,210755.58,223377.27,227369.53,234347.92,228251.79,222707.96,238054.69,250611.78,242963.56,242586.33,228905.8,208770.77,187029.89,169541.29,162686.6,147657.12,137627.49,123771.06,103823.48,92103.41,80676.21,71899.88,61847.65,55544.73,46684.19,42254.6,38803.83,33279.01,28371.72,22739.81,17820.12,13883.72,9716.7,6034.93,3187.23,1959.98,758.15,216.29,35.73,15.79,1.68,0.37,1.49,12.86,1.51
221104,12:03:33,135915.268,3468.918,89.589,89.589,3564.12,3435.36,4402.16,5498.92,6885.55,8785.89,11543.05,15365.55,19693.57,23665.23,28064.63,34713.56,42404.95,50967.27,60920.36,71143.65,82668.46,92358.05,103026.9,117504.97,138027.73,164036.29,185441.52,211439.6,237499.52,252811.88,250596.33,235697.8,224061.88,209233.37,193270.14,173790.92,156562.14,146422.87,134175.59,118629.92,108072.03,97970.81,85630.02,74214.48,60150.91,47799.69,37109.29,33201.64,27068.04,23289.07,16426.97,13164.8,9170.49,5294.54,2769.76,1151.69,554.88,106.7,12.02,1.67,0.4,1.84,15.07,1.21
221104,12:04:53,77235.162,2858.638,74.647,74.647,1737.96,1931.21,2011.69,2172.26,2400.03,2673.27,3072.53,3699.7,4571.37,5426.39,6112.54,6808.5,8059.91,9839.4,11788.77,14189.27,16291.78,19103.49,24280.17,29400.02,31938.3,37802.28,45408.01,55401.8,63257.62,72587.99,84864.08,103071.89,117397.71,130317.52,145891.19,157969.8,161741.85,157675.95,155012.31,134058.31,113287.57,100050.92,86732.45,77099.34,62926.79,49252.11,36529.42,29166.77,22348.72,16804.24,12926.54,9539.08,6159.48,3009.47,1515.86,739.81,217.7,80.73,10.86,16.1,3.95,18.77,16.86,1.47
221104,12:06:13,273101.2,5359.842,127.131,127.131,22919.13,22358.35,27814.39,32938.83,37953.63,43855.9,51271.48,60338.94,70753.12,81893.83,93282.53,106257.27,122488.36,141471.57,165091.79,195153.34,237263.51,278565.15,311989.88,355601.3,399059.87,424477.65,438437.39,453028.74,461243.23,458389.72,455147.69,450968.79,439594.25,410537.03,337015.85,271378.74,215336.07,163685.68,131392.55,125252.02,134638.58,143898.5,147036.99,131325.78,109588.23,89117.27,75598.02,55599.59,38282.79,26392.11,18205.75,12480.71,8773.42,5568.16,3697.06,1584.5,501.02,135.35,25.06,5.65,20.46,20.44,15.68,1.6
221104,12:07:34,253172.379,5767.874,139.523,139.523,32469.09,32163.02,32255.11,32594.37,34398.64,39055.28,46231.61,53384.71,58491.97,63482.13,70521.73,82353.75,96200.52,108379.51,121775.49,139441.57,166688.83,189366.43,218712.78,261248.99,306551.44,344363.29,370842.42,392748.87,408770.02,417729.63,407896.43,399416.05,379717.17,360000.05,323040.28,308691.37,287721.23,260249.27,227907.73,213320.03,185256.59,146239.77,118412.42,112581.29,108246.56,108322.67,91792.61,69294.7,49749.1,34042.21,19823.93,11718.76,8048.82,4737.91,3070.85,1561.83,414.79,142.55,55.62,27.47,53.4,10.85,46.01,5.73
221104,12:08:54,169286.545,6081.566,170.934,170.934,13983.42,13394.03,15509.62,18439.59,22130.01,26107.86,30464.47,34762.65,37882.57,40674.02,45211.62,52054.17,59676.07,67430.59,77330.83,85721.4,95173.01,106773.43,123435.04,139387.9,151390.01,163253.5,178257,178866.2,177993.38,177785.69,174794.38,168904.84,165623.99,163109.96,166042.06,176390.46,187920.24,208983.43,229551.82,233903.61,230151.64,229983.43,207760.34,161829.97,126356.45,102275.38,87214.41,87699.31,75253.15,56368.85,36377.99,20998.89,10990.05,6829.61,3736.8,1814.97,733.65,317.76,92.96,25.64,21.02,16.98,4.29,19.83
221104,12:10:14,134637.134,4588.881,129.13,129.13,26422.16,25453.18,26664.25,28622.49,30702.48,32272.1,34677.74,38913.2,44453.02,51049.32,59191.27,68915.32,79937.3,89596.83,97161.88,108728.2,116747.37,123233.5,123211.53,124918.14,128647.69,122493.32,115878.56,111898.8,108388.69,104505.39,99115.86,96813.78,96820.5,97063.09,104796.21,114991.07,125069.18,131684.87,139232.77,161744.11,168769.67,168361.78,170487.33,160132.82,133114.15,94772.65,73401.55,62672.26,52621.74,40618.93,24061.2,14340.82,7230.29,4112.04,2055.67,1051.64,408.27,109.52,42.88,6.8,17.17,12.21,87.31,67.2
221104,12:11:35,134250.928,5006.488,154.77,154.77,10400.67,10035.77,12851.98,16696.17,21941.33,27724.07,32693.84,36075.59,39341.24,44592.42,52066.74,62395.41,74376.23,88086.07,104550.64,119161.66,130204.12,139059.95,149756.24,157521.78,164675.75,162757.74,161019.18,161867.38,154787.32,146252.5,130153.37,108908.25,86881.02,76204.59,71741.99,72407.63,79539.58,87434.57,94621.14,99964.93,113731.66,124109,129265.68,139336.27,141259.41,128904.24,106098.42,79463.78,59681.55,51352.23,41616.29,26086.2,14198.86,6745.52,3364.48,1385.58,751.93,203.21,54.62,8.53,18.69,21,24.04,57.41
221104,12:12:55,102211.696,3713.65,112.196,112.196,14586.02,14063.59,16766.57,20188.96,24249.54,28643.81,32876.39,36383.16,40714.88,47425.07,55078.85,61134.91,66248.75,73660.46,80281.07,85045.32,93636.67,102354.72,100169.27,99558.81,101123.64,102138.73,98182.81,95842.94,88076.1,83256.62,82065.96,77421.9,76186.77,79509.62,78745.13,83222.79,85003.71,89297.1,86530.1,86839.08,86477.57,84154.35,81197,84897.91,92951.94,98344.72,89007.92,68138.62,49520.16,37002.6,28122.37,18353.51,8752.7,4198.84,1880.61,804.56,293.25,237.54,92.61,49.02,4.93,0.87,2.67,21.69
221104,12:14:16,112085.48,4036.971,129.845,129.845,16074.32,15639.15,18147.3,20350.38,22446.56,25313.04,29716.96,34716.09,39442.34,44615.46,50814.13,58858.95,67485.69,77165.79,86625.96,96099,109984.97,122627.02,131007.8,138942.81,145129.4,146067.76,139526.36,138432.61,136347.9,124793.69,108939.09,98530.98,86646.77,76374.1,71808.95,68427.03,70457.74,70869.3,78629.62,82905.01,83661.08,78268.71,74226.79,70674.93,66382.15,68127.88,78999.83,80119.35,69874.19,50309.11,34867.68,24889.99,15428.52,8529.93,3402.91,1332.48,679.17,148.54,31.01,16.19,1.57,0.23,0.03,0
221104,12:15:36,112631.718,3084.712,93.478,93.478,19562.56,19095.86,22420.75,26560.78,32050.73,38059.3,42848.53,46095.62,49035.75,53003.99,58296.89,66019.99,75153.54,84582.43,97067.39,113009.37,126748.37,140985.8,148879.15,151314.31,158990.75,169017.73,165570.44,154698.41,145774.9,129665.46,110821.53,94152.01,90487.72,80597.77,75022.17,70916.25,69690.15,70270.46,70360.06,69986.53,67795.09,65054.32,64134.56,57773.88,50254.78,44473.25,45054.61,50161.76,49741.41,41005.1,25976.92,16227.26,10395.24,4947.38,2370.54,890.58,378.99,92.17,119.84,22.13,2.45,0.35,0.04,0.01
221104,12:16:56,100831.045,3157.366,104.302,104.302,14418.89,13464.6,15027.33,16289.93,17545.38,19528.43,23338.94,29298.06,35835.86,42631.87,51358.52,61857.11,73389.08,84531.11,97127.09,110405.68,119680.76,122233.92,124746,128423.62,130199.71,130466.11,135518.29,139988.65,139129.27,125864.34,112049.29,97409.67,83534.79,76267.66,67234.26,64224.7,62152.84,61992.79,61421.21,62690.42,64255.3,64339.61,60533.7,51743.82,48574.25,43516.24,38629.44,34027.43,37149.74,38953.07,36077.04,26874.28,15074.91,8858.12,4038.24,1552.18,561.29,336.63,123.13,12.6,1.68,0.22,0.03,0
221104,12:18:17,77592.609,2588.575,84.212,84.212,18997.17,17620.88,20125,22877.05,25948.01,29226.88,32204.28,34814.75,38617.11,43561.85,48535.5,55025.33,62272.87,69618.99,77450.37,81179.95,85259.57,91112.81,87264.46,79114.41,77290.45,75999.77,73309.06,74966.06,76359.66,70021.4,59244.43,54283.09,51772.48,54687.39,53641.54,51813.97,53533.61,56638.27,58111.89,60647.45,62972.38,61912.91,62091.09,55298.69,50466.72,42171.45,36142.18,30184.78,26531.14,27528.4,28340.54,20237.42,11894.37,6661.83,2773.8,1157.62,537.02,163.46,60.75,18.23,1.89,0.26,0.04,0
221104,12:19:37,76948.568,2583.051,90.227,90.227,26439.48,26302.66,30074.51,34476.17,39129.1,44518.67,51782.89,59190.96,64143.24,66931.94,69080.21,71273.99,76482.53,84072.24,90876.13,94555.22,93663.46,93034.7,86735.63,80374.35,69969.43,61744.28,52624.71,46777.37,41394.82,40111.45,39351.83,39715.6,41419.11,44712.37,47713.85,46933.16,46564,47799.03,48477.62,48861.37,50426.85,50191.37,50195.57,52487.46,49026.49,43537.87,40235.07,33512.31,26243.43,24835.91,21552.95,20332.42,17606.55,10447.81,4860.84,2056.96,536.7,152,24.22,48.74,4.65,0.59,0.08,0.01
221104,12:20:57,78167.851,2303.469,76.483,76.483,22013.69,21613.87,24584.75,27390.43,30545.03,35195.25,41940.43,49630.87,56760.98,62342.77,66685.97,69992.2,71854.25,72678.43,76561.15,84448.29,95218.46,103422.14,102691.88,107082.43,104515.73,97121.54,88921.65,76095.71,65785.26,55127.83,48588.04,42652.3,39563.92,37125.2,36348.2,36712.02,40855.29,45204.19,50725.61,51002.51,49442.72,52146.34,50065.58,44964.13,43588.07,41378.06,36138.83,32846.46,27893.17,20268.78,16694.9,15858.23,13240.5,7543.41,3285.17,1343.94,443.11,208.26,63.92,18.89,7.65,46.6,4.37,0.5
221104,12:22:18,97775.68,2508.765,83.548,83.548,23849.63,24615.16,23568.21,23317.7,24801.59,27796.51,31873.14,37467.12,43772.96,49570.7,57472.05,69616.01,84531.44,99497.09,114541.22,125995.3,136177.06,149112.68,156843.23,157500.47,156109.45,151651.26,141656.64,132463.61,119687.95,107136.61,91820.38,76021.35,64908.41,54913.09,52635.96,48081.06,44186.72,42651.23,41729.62,40527.75,40269.35,43208.79,44212.93,45160.53,42837.46,39363.91,34672.53,32782.37,29252.08,23477.66,19654.62,13980.57,11252.71,10509.27,6380.08,2587.16,686.07,115.34,24.45,2.99,0.41,0.05,0.01,0
221104,12:23:38,114690.084,2267.882,68.093,68.093,34327.29,35022.09,33674.37,34035.26,37398.43,43317.74,50487.5,58048.9,67175.85,79000.84,90719.04,100022.37,108318.35,116993.93,125943.23,141709.94,157124.55,169049.6,178615.29,177385.07,169507.9,164661.04,157580.02,146519.1,136835.46,123560.59,108921.73,92962.98,83438.23,73693.38,73351.85,70306.99,65991.05,61875.73,58517.73,55070.35,52352.59,48978.57,42062.8,35596.48,32268.6,29765.55,26738.47,25211.14,22842.33,19527.92,15935.95,11940.75,8403.18,6645.49,3565.23,1707.47,600.07,154.16,39.11,71.76,23.81,16.27,1.52,0.14
221104,12:24:58,96890.483,2504.436,79.12,79.12,24017.92,24203.42,28840.68,33263.66,37096.01,40600.14,45217.73,50715.93,55864.12,63628.98,74595.59,84244.46,91571.13,96035.18,94389.04,92225.2,92716.41,92313.73,95328.65,103186.56,108416.94,106992.52,108741.01,107617.42,108512.24,109467.43,104195.95,98840.16,88267.13,80051.24,74001.61,67134.21,64557.21,69456.07,67259,67335.99,70778.75,62930.31,58575.17,50307.35,41949.11,34788.82,29340.29,26763.72,22524.22,19129.73,16826.8,13493.39,10230.59,6785.2,5313.17,2801.85,1129.25,226.37,39.04,18.02,1.98,0.42,1.51,14.25
221104,12:26:19,109133.433,2417.7,69.633,69.633,20185.49,19361.22,20022.94,21301.83,23691.35,27188.18,30913.27,35010.94,41061.48,49642.74,60420.17,69757.84,76966.96,86440.21,96402.62,110315.19,129411.02,148936.53,159996.47,179140.4,189365.11,183818.56,168768.27,160507.01,138879.84,124087.16,113063.13,103753.27,90426.83,80166.63,71767.08,71921.1,70887.29,66868.61,65259.2,68168.76,64385.46,62198.07,56827.3,60124.27,50388.22,40971,33788.61,24560.81,18522.19,16659.93,14280.99,10562.68,7867.02,4558.54,3249.97,1617.02,630.85,92.89,17.49,4.61,19.95,21.05,18.97,42.84
221104,12:27:39,101735.44,2748.633,83.327,83.327,18169.09,17448.56,19055.01,21003.99,23621.38,26740.49,30042.07,33846.8,38796.2,44194.67,49651.43,54720.59,56985.29,59971.91,69041.65,79959.92,90005.52,101268.23,113715.05,131852.63,148067.89,152905.49,157729.58,156429.71,144325.99,135407.94,124534.09,109986.37,92924.78,82494.04,78692.74,71774.44,72639.89,75380.73,71730.98,69322.27,71739.65,65134.47,61853.24,59270.68,54130.61,52048.8,46110.95,35119.65,27220.98,18184.01,14405.33,11883.26,9465.05,6667.42,3555.59,2397.75,1451.24,290.36,33.62,12.56,67.26,7.04,0.89,0.07
221104,12:28:59,120716.666,2498.097,68.844,68.844,20894.98,21170.04,27096.69,33151.52,38759.96,43417.06,47659.06,51650.88,56115.11,65257.48,82098.65,105928.88,131551.71,150190.96,165503.91,174199.41,173356.93,168310.19,160571.6,151416.53,139740.87,134473.53,144262.63,145177.27,131768.58,123303.17,111235.99,100451.76,90417.28,86850.49,83033.62,74617.53,74437.7,75695.8,76838.96,77372.26,73935.8,72240.06,65370.27,54590,49503.47,45593.52,39821.32,32912.84,24091.71,16331.95,11406.35,8998.47,5858.1,3972.71,2536.21,1476.49,492.02,143.02,54.04,23.04,18.1,2,2.21,18.97
221104,12:30:20,101812.444,2766.4,82.587,82.587,18515.61,18022.25,18849.88,20332.47,22494.38,25028.96,28213.87,32819.97,38707.03,44208.14,48606.48,53902.27,63098.96,72968.41,80003.29,91357.22,108017.36,124261.81,137411.32,142768.5,140092.01,142904.41,142760.14,132826.28,112507.87,100964.63,99122.89,91393.49,91996.03,89034.5,82775.88,82150.17,80759.62,73375.86,69859.46,72010.03,71751.99,74518.76,73261.49,69020.06,57380.44,49711.37,41633.63,34762.45,29507.23,23511.41,17389.8,10018.66,7372.21,5562.41,3665.5,1650.84,868.37,451.55,81.91,26.51,17.22,4.44,22.19,18.62
221104,12:31:40,116326.225,2530.864,70.312,70.312,33330.62,33955.18,36236,39155.75,42315.98,45133.89,48283.45,53139.42,59343.33,65168.65,70905.19,78015.92,87498.83,95764.63,103716.86,120092.31,144642.02,162489.7,167993.45,172388.36,181381.91,170790.53,156772.88,147117.76,136200.46,120945.33,109023.19,100660.81,88402.15,79838.68,69848.97,68594.09,67542.52,69990.45,74024.63,72395.35,67980.6,67782.36,61087.08,58378.51,56190.59,49650.35,39146.8,33510.68,27338.41,20940.89,14854.61,9356.19,5285.11,3291.51,1937.07,1145.05,447.39,237.54,158.38,31.45,18.02,1.86,0.26,0.04
221104,12:33:01,96220.406,2889.933,87.188,87.188,20614.53,20358.69,21986.36,24411.76,27590.58,30367.81,32162.02,34214.54,37276.17,41297.85,47146.35,54413.79,60894.29,65603.47,68649.6,72611.81,79104.13,88360.55,91747.86,96173.99,105816.41,112209.19,116911.62,119457.9,119456.18,110268.67,104608.27,100552.11,91697.16,89171.17,89462.3,86077.39,84507.59,83979.6,78905.83,75011.47,73552.57,69315.43,61997.46,56876.74,57454.26,53372.11,48900.52,42914.09,36082.88,27376.87,20062.8,13413.71,8966.73,4887.65,2465.17,1459.43,837.43,365.28,81.67,11.82,20.23,22.48,18.51,2.2
221104,12:34:21,94907.58,2449.072,68.512,68.512,21954.77,21774.44,22434.18,22854.83,23309.63,25064.3,29076.68,34666.73,40511.95,47108.52,54562.75,60523.61,66768.38,74054.85,82595.41,88092.19,94157.53,100240.5,112070.88,117634.04,118510.5,117492.64,117796.95,112520.3,103960.43,99184.28,92382.04,88330.99,87598.43,83069.23,80688.44,78925.38,77254.63,75953.78,75091.85,76598.99,72977.72,69759.36,65904.37,57377.04,48300.99,42752.66,41148.07,34258.29,26726.23,21381.57,14757.73,9314.92,5743.54,3052.07,1883.36,871.65,460.75,130.41,23.52,5.2,19.49,17.5,1.72,0.17
221104,12:35:41,100133.713,2880.505,88.582,88.582,29058.37,28325.24,28746.2,30320.45,34133.71,39854.88,45933.31,51622.96,57916.94,64137.97,67382.06,70950.79,76926.06,81717.3,88509.51,98696.6,108513.63,118196.45,124039.05,122400.93,120064.12,114740.39,105124.73,98655.17,97528.12,81512.64,78714.32,80460.33,76882.06,75047.67,75685.58,74638.4,66835.94,66968.26,67490.92,69095.89,69822.02,69360.33,70373.6,65360.41,61086.45,51337.84,45503.1,39627.39,35384.26,29209.7,21701.38,15901.56,10638.89,5756.98,2853.28,1571.42,577.25,171.18,54.85,5.91,2.85,16.87,1.5,0.17
221104,12:37:02,95306.354,2497.401,71.166,71.166,29184.96,28568.34,27852.7,28335.5,31109.84,35609.65,40091.88,43408.98,45546.25,48520.19,52221.61,55654.57,61583.56,70073.93,78064.32,86586.97,97426.72,105711.36,110552.52,112682.15,116850.4,115950.93,109447.38,103377.05,99030.31,97514.81,91519.95,80242.32,77009.65,73597.1,76392.4,80348.23,81404.32,82951.14,82922.61,76264.24,71139.79,66363.97,63620.02,56369.18,52897.74,49515.82,41181.36,33523.12,26030.61,21350.88,16156.75,10612.64,6995.75,3082.46,1734.8,715.46,360.17,186.03,51.01,5.49,1.31,6.08,52.93,6.95
221104,12:38:22,117198.442,3027.596,86.851,86.851,23314.22,23327.44,26742.41,29307.71,31443.11,33837.52,36312.8,38697.26,42381.21,49262.45,56747.49,63836.72,71577.6,79147.01,86407.18,91865.45,99681.05,111472.24,121603.75,135905.51,150727.27,153769.35,159744.43,167396.74,168191.83,157507.18,144100.84,128994.72,113343.83,107949.59,101849.86,101798.52,100737.44,103187.59,91742.19,85903.15,82789.74,78317,70444.98,62289.86,55417.77,48491.33,42267.12,38192.01,32297.41,25319.69,18141.13,14062.2,10257.89,6044.07,2977.28,1308.41,420.74,124.11,22.11,64.44,6.12,0.95,1.64,13.49
221104,12:39:42,120475.414,2660.691,71.327,71.327,18987.1,18252.95,20532.25,23193.37,26751.4,31811.33,38503.13,46443.68,55978.13,68428.63,80915.22,91723.96,104832.97,118606.63,130331.15,141912.51,152939.35,159200.9,164892.65,164060.82,157107.26,156385.44,157497.86,148664.94,134915.46,119505.75,110647.63,103358.02,96908.87,92969.81,85737.68,81126.37,81023.11,82034.39,86327.22,97470.52,94074.3,85076.76,73778.6,64833.3,53230.59,44816.58,38520.57,31922.65,25743.74,21013.06,13674.82,9075.93,6582.93,3681.01,1596.61,686.9,222.18,159.92,54.13,8.13,19.63,19.55,17.96,2.48
221104,12:41:03,121030.731,2981.823,87.431,87.431,19683.55,19393.57,21434.69,24272.38,28575.36,34251.9,41274.09,50294.39,59308.14,67332.62,76091.76,85779.89,99617.61,112475.52,124839.04,139268.24,146918.89,151555.14,159650.94,171041.74,175741.69,177862.05,176669.74,162943.69,150088.38,130988.75,111490.41,102221.86,90668.35,77805.7,71556.51,68286.65,69576.22,70772.43,72095.74,73071.09,74448.95,70349.12,71918.92,72649.97,69546.63,61137.24,47180.41,36787.46,30906.31,24807.75,20282.98,13747.2,9410.87,6452.5,3222.29,1284.55,500.23,106.3,65.77,6.68,1.05,1.79,14.07,1.83
221104,12:42:23,126740.891,2685.361,72.671,72.671,27990.21,28017.58,30867.65,33215.85,35047.62,37277.02,40557.84,44833.23,51297.97,61416.73,74513.78,88047.27,97447.14,105219.08,113599.75,127663.85,145204.75,162182.98,182111.44,199257.19,197027.46,192476.27,196208.59,190015.34,170708.7,151626.35,136308.05,117682.23,100100.18,93831.58,88000.48,85306.53,81571.44,77372.27,71548.47,69980.52,66564.58,64490.7,61687.03,58940.69,58469.76,57101.68,46449.68,36153.74,26647.66,19043.94,14370.43,10201.58,6277.09,3457.89,2059.96,913.56,317.66,196.06,60.49,18.85,4.23,15.45,1.54,0.19
221104,12:43:43,132614.999,3195.295,93.786,93.786,23230.29,23653.25,26835.31,28880.57,29854.36,31495.4,35602.44,43486.96,53962.32,63651.71,74350.38,88155.35,100246.38,111135.03,125260.74,138279.49,149747.87,159289.43,170258.96,181965.39,193893.25,211776.51,219413.79,212617.2,196231.66,171146.94,135618.76,108080.91,91280.9,84073.86,80428.72,84541.41,88071.94,90285.88,91978.97,85902.9,82689.51,77368.57,68647.83,60582.85,54544.21,50010.31,47849.25,45163.64,38281.38,27296.47,21162.96,16128.64,10099.07,6317.81,3504.76,1766.15,606.01,175.02,83.83,11.45,17.1,3.68,15.08,2.02
221104,12:45:04,124811.509,2733.31,74.831,74.831,18777.41,18162.86,19160.4,20822,23566.91,27902.22,33978.04,41627.01,51341.14,63217.09,76345.26,90522.1,102457.7,110715.61,123787.98,139731.4,156463,177035.15,188649.85,186996.5,180425.2,171938.59,159519.43,152810.25,147850.76,143708.28,130231.49,119231.26,112291.22,101563.93,98004.68,98715.23,89031.42,85971.74,83792.63,81818.04,79060.88,75687.39,67651.84,60538.79,49484.82,41948.1,37370.93,32094.74,28359.21,23622.28,15836.68,10629.91,8039.05,4181.01,2118.4,895.7,286.9,74.4,71.11,49.82,4.89,0.83,1.94,19.54
221104,12:46:24,126502.981,2995.358,86.93,86.93,30839.77,30056.48,31709.37,33965.32,37278.47,42449.32,49500.67,56378.56,62660.69,68877.82,71742.84,74013.05,84031.32,99822.4,119446.73,139919.69,157348.58,172879.63,190224.08,192199.78,182396.93,179067.44,169898.22,163882.53,157181.87,140939.9,126783.09,111458.33,95581.35,83122.82,73654.63,70950.64,70265.52,75067.91,78744.12,81946.92,83085.29,78949.75,74913.81,68330.14,61439.58,54127.91,44656.62,34735.5,30335.19,26640.14,20162.22,15600.89,8898.86,5574.35,2940.79,1375.9,563.83,137.99,23.72,3.05,2.34,16.85,3.45,15.77
221104,12:47:45,136895.556,2921.005,79.16,79.16,28566.13,27187.02,28894.98,31507.82,35124.6,39991.74,46640.25,53324.87,58870.92,65958.54,75147.66,85568.34,99214.14,113202.3,127457.31,145148.46,164059.81,179100.49,191820.02,210855.41,216216.36,214659.33,221547.83,215893.43,198914.11,172626.97,145909.72,122680.08,104107.58,88590.43,83304.2,80027.14,77954.7,73503.28,76404.27,72688.26,72111.59,80482.34,75616.46,74475.94,68837.68,57838.82,47990.63,38085.05,25604.12,20567.8,16533.95,11693.07,7375.27,4214.3,2135.82,999.44,303.14,92.36,65.9,6.69,2.86,15.84,1.34,0.18
221104,12:49:05,119099.152,3091.185,92.031,92.031,21098.49,21739.42,22809.53,24220.92,27337.41,32282.2,38372.66,45525.64,53774.78,62399.73,70264.12,81772.51,95363.82,108099.31,123312.03,136841.95,142139.59,147639.09,148024.22,147527.69,151086.36,158085.21,153688.43,146720.03,136918.56,129173.4,118675.6,102654.79,96479.73,91560.01,90020.09,89880.6,91080.39,88633.18,84592.76,80487.38,74481.53,66069.79,61740.53,58011.88,58326.54,56130.75,51441.87,46069.39,35109.62,27529.8,20158.52,15985.25,10979.49,6528.89,3101.5,1622.51,590.89,224.71,26.92,16.54,1.72,0.23,0.03,0
221104,12:50:25,136005.781,2726.57,73.176,73.176,42607.65,42724.52,41449.41,42052.82,44798.76,48994.61,54709.06,62160.99,71495.95,84067.68,98084.54,109144.31,120843.05,135437.88,150798.7,161570.22,164182.35,171180.01,182370.63,184893.77,182832.15,176647.29,171719.67,168401.86,171136.84,159916.9,146344.29,125909.03,111870.62,97896.22,89758.39,85281.5,84726.29,83804.43,81463.01,78624.21,78197.27,73131.86,65891.36,54587.9,47407.89,43365.75,41006.15,38321.06,29756.62,23110.06,16038.5,10596.66,6674.75,3751.13,1748.67,738.83,280.13,147.17,17.75,16.09,1.57,0.21,0.03,0
221104,12:51:46,124161.412,3046.06,87.919,87.919,28602.17,28195.35,26216.71,25233.9,25695.9,27911.72,31884.28,37018.75,42821.38,49166.04,57931.57,72428.22,88648.96,105026.9,123603.34,142045.66,156567.94,164370.63,157047.58,150201.14,156156.9,164943.68,167553.26,166956.59,168085.35,158917.46,149072.3,129052.87,111264.06,103228.7,93207.84,95236.81,93229.61,86524.26,83129.81,77362.37,71897.2,66507.96,66512.56,66732.39,60115.56,50509.04,44147.26,38792.65,33227.38,29156.11,20797.04,13828.06,9816.2,5686.31,3235.03,1365.67,536.47,109.92,50.64,5.24,0.71,0.1,0.01,0
221104,12:53:06,160829.856,2841.824,75.472,75.472,34511.12,35088.51,35532.41,36099.07,37953.46,42130.88,48890.1,57164.64,66590.07,79924.93,97358.33,115021.39,134173.95,156104.93,180977.38,202456.08,222685.25,252710.58,270391,284914.6,292959.69,287069.54,287879.95,279332.94,244063.6,195752.51,155462.34,117736.93,96679.6,83226.53,76229.76,72295.09,75371.52,78235.31,76218.32,76397.77,79275.97,73708.51,61678.81,59421.21,53564.21,46952.69,38247.1,33039.4,26903.69,22073.39,17676.83,12272.98,6421.08,3943.21,2270.95,1122.66,303.85,133.41,21.76,2.8,2.26,15.4,3.67,17.33
221104,12:54:26,124551.693,3070.197,89.125,89.125,22688.15,20972.17,24110.44,27089.44,30139.26,32801.3,34733.68,37715.15,43223.84,50337.92,56836.1,63614.84,72826.92,86994.5,102466.65,121594.72,145065.6,165702.25,183964.74,200707.16,212920.88,204132.59,192013.12,179267.51,154234.69,134267.37,121001.53,112111.77,97523.71,89734.56,87408.94,84293.38,84815.2,91218.48,90824.37,82357.26,76133.12,73271.73,70128.37,66036.57,59128.62,54746.84,44361.96,39452.34,33181.18,25066.16,18989.9,15563.84,10822.54,6142.34,3433.25,1351.76,506.18,166.33,53.63,5.73,0.78,0.11,0.01,0
221104,12:55:47,154686.747,2998.67,80.956,80.956,24374.31,25156.46,29344.81,34184.24,39843.34,47009.99,56637.93,67465.98,78175.75,91657.53,109047.46,129521.67,151890.04,173465.94,188784.06,198380.97,208650.21,215292.09,220145.78,232654.52,247946.89,251042.56,245754.99,233010.91,205932.42,167216.01,134652.77,113461.47,100325.3,90329.73,81345.11,75812.86,79755.29,79790.3,84004.71,86384.18,84994.8,79677.98,75137.43,66729.86,58510.53,52983.78,47465.74,39290.45,29421.95,23094.32,17312.34,12403.07,7604.42,4207.47,1976.05,872.73,348.68,98.5,30.6,60,50.38,4.94,0.65,0.06
221104,12:57:07,143465.849,3347.249,96.489,96.489,23567.06,23744.87,29217.85,34002.72,38334.7,42379.81,46262.38,51105.15,58132.72,68913.64,83027.17,98126.25,111479.23,125164.11,135719.69,148023.53,164574.27,172542.07,170450.81,178419.98,189623.95,202494.9,208341.63,205593.2,212228.8,200773.72,175574.16,151136.53,133693.68,117271.2,107425.12,96934.31,89025.38,82975.67,83881.75,79242.39,76993.8,74295.08,72606.85,74586.74,68201.59,57567.58,51186.53,45179.04,36344.53,27506.33,21925.78,14663.46,9495.75,6215.74,3425.73,1685.89,777.21,223.89,65.96,20.43,8.51,52.02,4.78,0.52
221104,12:58:27,137373.887,3029.172,82.849,82.849,24225.3,23788.29,25870.81,28802.21,32856.48,37485.8,42381.4,47798.37,53956.86,62030.97,73800.45,88263.32,101401.25,113551.46,127135.42,140336.38,148641.99,162012.34,177133.8,185931.64,191917.59,199585.71,198619.88,194704.77,184731.82,173490.46,164613.64,143742.51,123434.9,120214.55,117277.32,107003.19,102136.38,98012.11,93501.09,88025.4,80734.45,75922.4,70273.4,62278.01,58488.61,51251.54,45566.01,39197.08,30870.3,23745.99,16697.39,12289.3,7226.88,4248.84,2476.5,917.04,450.12,201.83,44.11,5.05,0.74,0.75,6.81,57.54
221104,12:59:48,140484.239,3409.814,94.303,94.303,17431.08,16766.41,17647.35,18191.87,18525.17,19486.87,21373.09,24037.04,28159.96,33405.25,39888.12,49247.65,61782.6,75238.82,90182.12,103016.61,118553.16,137116.93,154517.19,168600.9,185706.21,204994.4,222730.48,227885.71,236165.31,239463.2,231728.9,214054.17,196946.36,171615.54,140870.85,120699.22,112702.06,103450.65,100308.02,100269.51,95545.31,87079.67,75978.86,66509.46,57563.06,47236.45,41935.29,37645.26,32777.11,26799.35,19787.23,15249.33,10623.79,6097.06,3196.86,1689.76,721.74,257.98,26.57,5.86,16.95,3.9,17.2,1.5
221104,13:01:08,145118.488,2972.502,75.972,75.972,28532.37,29548.74,35563.09,41953.51,48526.97,54368.88,58444.67,60122.1,61085.65,64762.41,72777.21,85538.79,100842,117485.33,130745.54,141149.94,150556.46,162263.72,170161.63,176273.53,185512.25,198491.31,207647.36,208724.8,206536.63,195966.7,167916.06,146574.89,134140.64,128664.84,124392.52,122130.28,123699.69,120801.74,114429.54,101865.22,87603.03,81226.72,74898.74,67548.42,57313.93,46309.05,37252.31,31636.02,25657.34,21498.11,14975.55,9169.4,7084.78,3758.43,2314.6,730.97,377.49,89.21,20.68,2.39,0.31,0.04,0.01,0
221104,13:02:28,142426.748,3375.957,94.134,94.134,20098.17,19511.85,21949.41,24888.29,28379.99,32869.62,39369.91,49099.66,62529.13,76028.94,86707.59,93887.49,103478.4,119482.83,139743.79,159042.85,171321.37,186664.62,205194.85,207778.84,204399.59,204209.81,205138.01,189536.3,174680.62,157239.43,131812.56,116439.4,106708.88,98717.55,91272.03,94261.88,96902.87,98205.71,96927.8,102185.25,104546.61,103227.75,95981.39,84664.24,70853.78,62340.31,52062.1,40273.37,28862.71,24064.95,20430.64,14485.17,8520.51,5851.3,3268.71,1569.97,585.74,135.01,15.03,4.28,16.91,1.59,0.21,0.02
221104,13:03:49,132796.637,2934.793,77.354,77.354,30409.86,29593.43,30072.33,32015.12,36169.81,42356.46,49514.27,55883.44,61179.94,67354.19,75169.35,84380.6,96944.44,107227.02,121858.17,138986.52,153827.21,160532.6,169377.1,177983.05,182326.92,183099.34,180918.6,169171.61,165315.5,153252.81,140273.78,126641.39,116213.35,113511.56,101655.72,87882.6,88056.87,90570.37,90682.43,86390.71,83879.81,87681.74,84236.29,78928.81,69733.78,57467.97,49506.16,36772.14,25573.23,19087.81,14283.06,9373.77,6611.38,3929.48,1867.93,833.82,245.12,38.47,16.94,3.89,16.64,3.39,12.8,1.44
221104,13:05:09,120817.905,3196.746,91.98,91.98,21618.8,21494.83,22725.88,23756.22,24991.9,26637.19,28958.05,32816.86,38747.38,46409.77,56519.53,70262.76,86385.57,101759.69,116027.09,126200.52,132804.02,141161.26,143608.55,147040.1,151861.94,162530.28,169620.69,167618.76,160992.46,151924.62,139510.97,122677.98,104630.59,91025.05,82367.83,80233.92,81307.57,84571.77,85387.32,86791.53,86789.65,81211.22,76233.23,71405.47,67834.76,62669.78,56246.16,47979.5,36564.3,25899.71,18712.33,13193.12,9829.33,5978.51,3051.83,1134.83,360.47,111.19,52.3,5.55,2.62,15.99,1.38,0.17
221104,13:06:30,128071.297,2821.89,77.266,77.266,28773.07,27794.65,29467.16,32527.76,37761.34,44946.53,52459.25,58806.16,65475.36,75436.27,86396.75,97151.87,111147.59,124399.38,132809.4,140014.91,151750.8,168682.96,174924.48,180966.69,187203.11,193020.36,178817.58,159293.38,144457.34,128563.27,118608.92,105933.49,95700.73,87559.52,81156.27,77856.9,77180.7,77019.99,79435.33,78840.42,78075.07,77881.52,72656.52,64651.63,57666.56,51291.11,48546.15,40962.5,32251.14,24713.34,16242.73,10030.25,6470.85,3892.69,1962.88,891.94,382.43,68.3,7.83,1.07,0.15,0.02,0,0
221104,13:07:50,146166.229,3310.887,94.064,94.064,22572.97,24079.46,26755.81,30526.41,35101.57,39563.35,43693.13,47744.12,52554.79,59041.74,66930.64,78714.48,95347.99,111339.17,125974.35,141759.79,162641.79,178362.58,193490.03,206808.81,217730.11,230411.59,243273.22,250852.06,244452.42,227099.59,197956.15,163583.34,121028.51,105625.65,94173.49,85186.94,82191.49,82504.82,82421.72,80886.07,79559.05,74817.18,68279.1,68463.6,60596.38,53280.07,46865.25,42896.79,39401.87,31030.47,23584.94,14933.97,9161.28,5204.89,3590,1571.21,565.89,92.14,30.05,51.31,4.97,0.68,0.08,0.01
221104,13:09:10,130285.728,2751.087,72.608,72.608,24390.32,24825.01,27206.39,28924.13,30672.38,33699.36,38456.58,44966.17,53238.26,62580.1,72483.12,83916.25,97000.92,106833.86,113650.91,126289.34,144471.14,163178.17,180417.1,192286.68,208155.55,210037.86,199135.92,184536.75,176291.14,153521.96,134240.13,119402.08,110258.73,103456.93,100601.79,98115.37,97301.41,95642.13,91267.49,84519.47,79178.36,72282.83,67580.6,56786.09,50191.33,45217.81,39979.01,33733.05,28408.78,23454.21,17620.34,9687.4,6128.12,3152.25,1618.75,527.37,328.59,96.52,89.85,20.87,2.15,0.31,0.04,0.01
221104,13:10:31,131219.956,3208.559,92.299,92.299,27754.07,26781.22,30554.09,34056.85,36441.03,37594.86,39288.8,42799.28,48082.34,56603.14,70065.11,85151.65,96943.02,109699.84,119098.47,123030.21,128685.02,137824.03,154800.35,170392.38,188048.55,206424.66,213980.97,210982.49,182552.1,157970.12,142038.84,120128.44,97900.37,85830.43,83970.73,83623.36,87140.57,87394.29,91052.1,95351.61,95481.69,85108.18,81932.16,73571.12,61544.5,54157.99,45075.15,37742.8,31281.05,28006.74,21674.93,15765.25,10703.79,5056.05,2871.56,1528.03,579.7,304.93,77.06,8.49,3.26,16.57,1.62,0.2
221104,13:11:51,132438.295,2869.016,78.78,78.78,21881.88,20973.89,23637.88,27790.16,34481.2,43059.18,51341.25,58299.94,66382.07,77872.46,90802.53,104033.58,118824.85,132020.73,143035.45,150535.65,158684.82,166624.05,171100.32,177609.54,184612.21,182829.71,179650.1,184680.39,172106.15,149934.66,135474.25,116684.62,99403.54,97946.53,88174.96,86084.92,84493.55,79823.6,76804.22,76377.32,78015.08,78590.25,76089.06,73058.35,63582.75,52651.38,44195.82,34636.38,27117.71,22080.5,15953.69,12551.34,7385.65,3919.26,2205.94,861.93,305.22,161.8,63.28,67.81,6.58,1.06,2.36,19.59
221104,13:13:11,118454.301,3110.094,94.085,94.085,25584.27,24453.28,26369.36,29017.46,33620.3,40422.83,47100.04,52113.42,57522.66,64314.61,71959.01,81023.42,90551.84,98512.09,106372.78,112729.41,118711.03,133090.59,151438.3,171419.67,183650.8,190810.73,189039.68,176547.56,149194.3,125142.91,104472.94,85710.02,75607.5,71133.18,66346.95,69152.9,67136.58,67995.46,70464.22,71458.84,72859.58,72078.41,68870.18,66780.57,66895.38,65333.43,55402.58,46050.46,36126.16,25597.6,20171.92,15082.47,11268.89,7144.8,3565.28,1549.16,476.2,156.89,20.01,20.64,21.31,20.21,16.92,1.45
221104,13:14:32,132923.861,2726.618,75.571,75.571,33311.76,32787.26,37509.13,42150.43,46406.75,50747.59,57255.27,66920.01,77127.16,86187.56,98554.6,114570.9,125873.3,134748.18,144838.23,155323.39,160577.87,169132.27,182079.29,193085.17,197390.22,199721.85,195538.28,180537.09,160505.99,138812.94,118051.15,101792.59,92214.68,87417.1,85509.86,76922.26,75221.04,72820.8,68732.19,65272.09,64841.03,63925.92,62093.92,58716.57,52049.33,50591.43,47211.22,42194.99,31848.85,22646.63,15717.53,10792.86,7560.05,3994.4,2072,778.7,306.06,68.37,23.23,21.36,17.25,3.76,15.25,1.63
221104,13:15:52,123765.966,3082.548,90.335,90.335,23119.23,23324.99,24000.96,25087.25,27187.03,30424.09,34454.79,39362.3,45649.91,52197.56,58346.91,65146.4,73529.03,83439.46,93615.74,105974.19,117655.7,124865.65,139176.96,155210.11,169267.21,176857.81,186311.37,191684.91,187571.66,182000.33,168878.33,150544.79,130218.51,118936.94,108175.52,96978.13,92602.59,88486.92,82799.82,84699.66,75051.13,61219.32,57254.11,51692.61,48525.19,47636.59,44823.63,40764.7,35522.06,29223.42,22127.11,14432.08,10005.8,6549.02,3977.96,1219.6,584.95,183.09,56.12,6.77,6.19,49.58,4.61,0.54
221104,13:17:12,158758.24,2802.952,73.576,73.576,35353.78,35731.55,42732.71,48955.21,55727.83,64584.15,73786.85,81979.69,91510.57,103200.83,114507.51,125380.27,138060.18,152049.89,170031.94,192006.1,212204.73,233374.01,246466.56,252022.1,256941.58,253456.23,235872.73,215800.34,202654.6,178514.92,149455.5,127878.13,109894.41,96384.25,85906.5,84123.01,80538.45,87381.33,91333.6,85855.17,86237.14,86823.96,72531.49,58395.16,44914.92,41114.52,33365.68,28354.83,26527.14,23422.13,16717.14,11179.85,7035.35,3320.78,2091.95,868.63,300.33,140.48,33.45,56.67,19.08,4.06,17.31,1.83
221104,13:18:33,124362.099,3131.671,93.215,93.215,21360.15,20850.47,24319.92,27678.6,31554.63,37481.28,46110.08,56300.22,66166.38,75452.18,84468.33,90166.63,94272.39,103256.71,120008.17,138137.28,153804.91,163815.77,163941.73,166489.84,173550.17,168709.05,163274.18,161690.48,156855.28,141508.26,126195.31,108817.83,89194.75,77659.29,71807.74,70548.97,70331.38,68461.21,68711.11,72490.01,77368.48,82173.46,85983.28,84303.69,72507.25,60209.16,45969.83,36440.27,30504.06,26290.08,21260.52,16525.36,10042.29,6374.71,3254.53,1815.83,604.73,147.36,16.34,4.39,17.31,2.08,4.67,40.59
221104,13:19:53,112075.009,2566.476,72.896,72.896,35793.69,34861.05,35627.51,37452.57,41269.1,46827.43,52903.82,58620.37,63790.6,69358.54,76182.08,84558.68,95571.22,110852.03,127937.44,148721.31,167849.84,170897.53,160886.65,153441.29,141590.51,130038.42,118242.38,111068.42,101515.09,93500.39,87780.59,82763.23,79018.81,77756.32,72742.38,69079.39,69684.53,71065.17,67828.25,62796.58,61547.04,60832.62,60948.77,62261.75,62592.7,58696.45,47578.27,35197.66,26739.78,19807.59,14917.34,12087.97,6613.45,3796.17,2282.91,855.71,249.87,72.61,25.76,26.68,48.57,5.12,0.81,0.12
221104,13:21:13,118814.182,3026.327,90.468,90.468,22112.21,22596.92,24635,26851.25,29494,32650.94,36024.77,39187,43222.19,50100.67,60416.19,72882.92,84665.05,91199.66,99670.78,117451.94,139448.18,159883.76,175170.7,193405.98,200284.37,194617.27,183855.22,172991.76,156314.23,131088.23,108182.88,91151.33,80849.05,71679.24,66770.36,68483.51,70117.71,75256.03,75854.58,79876.36,81472.3,74472.47,63570.98,57356.19,53768.05,52131.84,50441.29,47943.83,36935.77,26356.82,19552.63,14627.85,10524.33,6526.89,3594.62,1527.23,530.98,114.72,75.29,20.49,4.46,16.73,1.35,0.16
221104,13:22:34,146285.169,2691.991,73.324,73.324,35767.61,36766.4,39201.67,41616.63,44795.42,49665.44,56613.95,64649.62,72008.75,80222.73,92622.02,108951.51,129404.05,152553.12,177066.8,199213.17,215467.71,224579.77,225345.38,222155.08,233674.51,236047.71,233969.55,219394.82,192968.78,166871.5,144006.61,123575.42,107807.25,95755.26,79553.76,68944.7,64320.05,63090.98,60703.38,59915.93,64073.36,65073.63,63596.24,58065.34,49021.19,41335.39,38314.31,36203.68,31257.03,24170.34,16331.64,11114.57,6727.27,4191.62,2247.83,751.67,431.13,117.95,75.46,20.48,2.11,0.3,0.04,0
221104,13:23:54,125111.26,3113.149,92.181,92.181,19645.78,19539.76,22383.99,25643.85,29654.67,34134.18,39317.34,46892.27,57356.68,68504.48,79131.81,87459.72,93817.65,105321.53,116828.61,122856.08,127782.54,132327.8,136988.94,145807.93,158444.91,170209.04,184359.83,189435.26,185103.51,175437.11,157512.26,131658.59,117275.71,103230.47,89249.06,88765.52,88081.94,82592.26,77728.63,75384.39,71641.59,64072.52,57805.59,55353.04,56989.77,54009.07,47343.45,38867.56,33983.85,30909.96,24468.88,16616.45,10600.17,6365.68,3366.72,1630.74,471.17,166.78,27.86,3.51,2.38,15.89,1.46,0.15
221104,13:25:14,126864.912,2695.146,75.01,75.01,29575.69,28972.32,29916.44,32649.87,37922.15,45685.53,54702.14,63247.2,71256.71,80214.09,92274.33,108560.23,124715.07,136361.09,151631.99,165721.65,166752.71,162689.56,162156.11,164293.81,162248.35,161635.43,163959.46,161996.68,147489.08,138673.2,123779.55,106830.18,93399.14,85151.76,75955.94,73334.23,73498.18,72081.11,73909.04,78629.57,77275.29,75702.01,71423.52,60338.99,50975.51,43304.89,41573.63,34409.51,27047.42,21990.34,18213.89,12739.47,6540.91,3975.73,2262.31,933.07,380.14,161.95,92.77,21.88,2.43,0.33,0.05,0.01
221104,13:26:35,127525.347,3054.065,90.489,90.489,28122.67,28709.53,31237.35,34227.99,38185.94,42526.71,46414.9,50302.2,55974.33,64927.73,75965.38,85952.54,94455.44,96505.79,98579.84,107497.03,118372.02,131528.29,148972.34,166064.7,184754.84,192947.07,203334.24,203646.93,187927.75,171991.59,160836.19,138601.82,114844.71,101212.07,91331.76,83198.91,75604.54,71255.75,71894.48,69918.31,66947.99,65667.17,68883.4,68312.28,64533.79,51476.74,44714.84,35781.24,30927.06,24530.63,18930.59,16643.16,10959.89,6663.17,3506.52,1512.71,921.59,278.92,43.58,18.35,2.15,2.68,20.72,16.08
221104,13:27:55,139653.193,2857.282,76.629,76.629,34223.23,32724.85,34717.99,37386.3,40967.63,45594.81,51089.28,56396.72,61617.69,68138.46,75430.78,83269.65,95288.61,108852.23,124638.42,142342.45,160652.14,177907.98,193067.28,207015.63,207309.07,205821.52,200391.27,194013.92,188374.63,172792.34,153203.6,140680.34,129686.11,120327.83,107369.82,104642.96,102072.22,97919.48,94930.42,89057.21,80854.92,71477.07,63156.21,56623.71,50319.98,47171.32,41049.22,32806.77,26467.81,20731.5,15968.8,11551.65,8155.94,4226.48,1761.19,897.54,322.24,245.97,90.67,12.05,24.13,49.48,4.99,0.68
221104,13:29:16,133636.75,3206.06,92.041,92.041,17622.39,17157.19,18333.65,20267.61,23313.64,27542.59,33661.91,41863.19,50636.74,60340.28,72998.65,87997.01,99259.58,109533.18,122008.58,133038.35,141923.99,155450.3,167402.78,177676.46,178884.38,185116.43,196929.21,199912.28,193365.3,178053.94,163237.42,141782.94,127018.27,113968.28,104169.89,98621.86,87101.62,86157.35,92658.03,94312.88,91909.15,83816.89,77562.23,66508.92,54599.6,49839.38,44552.33,39032.63,34817.55,25616.36,17938.73,14507.91,10121.43,6170.78,3885.95,1754.62,581.25,312.55,39.6,49.96,5.21,2.6,17.61,1.6
221104,13:30:36,114503.459,2800.466,77.193,77.193,20929.63,19907.8,22844.26,26403.89,30484.86,35097.76,40698.81,46372.69,50608.73,54649.2,62188.93,72559.32,81128.07,90045.2,99583.77,110874.78,124935.76,136497.85,144654.44,150132.42,151003.85,149161.35,149628.75,142084.28,130382.02,126788.18,116080.67,104501.4,95488.36,87561.43,84657.48,84086.68,88694.19,89966.71,88702.19,90487.03,87614.59,84404.39,79907.53,75837.53,60578.41,49945.69,37517.7,32279.9,27901.95,22581.31,15285.9,10716.26,7162.37,4816.52,1960.16,931.57,554.9,75.89,74.15,19.04,2,0.31,0.03,0
221104,13:31:56,132827.061,3166.264,91.435,91.435,23889.85,24577.4,27542.38,30452.6,32483.65,33756.65,36149.33,41371.45,49805.96,59603.19,69928.33,82327.52,91651.59,97295.28,102325.69,117922.92,146779.56,171916.91,192425.04,210392.79,218756.17,220167.69,208764.88,195745.99,183391.38,162774.88,141670.63,126102.16,111716.59,99770.65,90028.1,85008.82,79803.7,72852.76,73474.41,74069.97,75765.06,78334.27,77416,72537.53,68371.2,63106.26,51465.58,40233.32,29318.36,23954.17,19027.89,13548.91,10293.79,6690.81,3257.4,2140.27,610.2,166.8,18.45,4.64,17.3,1.61,0.21,0.02
221104,13:33:17,146596.439,2971.173,79.622,79.622,28501.58,27694.91,29216.87,32226.7,37151.69,43973.25,51747.7,58392.64,63503.77,69966.32,79989.07,94465.98,111715.18,132911.66,154710.19,175455.77,192210.31,208633.23,208792.63,204599.26,215962.71,219208.52,220510.94,218561.2,202521.3,183004.21,158909.28,139420.81,127154.78,113861.3,100661.55,92129.17,92142.55,90246.83,83965.89,81033.44,77886.39,68849.56,60009.8,59757.24,59131.46,55252.86,49983.89,40773.98,31270.38,22265.95,15883.46,10843.65,7007.13,4085.49,2392.9,1107.12,479.22,90.01,13.01,16.76,1.65,0.23,0.03,0
221104,13:34:37,142600.052,3311.241,95.697,95.697,19941.16,20508.45,23890.39,28093.87,33128.62,38738.59,44164.01,48078.25,52259.35,61938.12,79195.33,98557.24,114055.95,130948.72,152741.02,171161.63,180069.54,180713.98,174665.92,169792.57,176097.04,180118.17,190378.76,204405.58,215258.02,200718.37,180829.65,157480.21,139736.13,121459.76,109871.38,96286.13,91620.67,83712.07,78426.8,79489.14,80172.78,78069.3,73102.88,65675.7,58053.37,51895.38,47189.14,43802.09,40116.84,30713.3,19784.95,14681.34,9567.84,6700.28,3508.77,1643.53,1028.26,270.34,70.41,19.88,2.16,0.32,0.04,0
221104,13:35:57,153214.45,3058.819,79.863,79.863,33881.07,33107.2,34217.74,35041.24,36279.2,38773.24,42574.75,47597.34,55085.79,64978.07,75339.7,90716.54,118663.32,154856.46,183406.6,200436.94,214368.11,219209.21,216306.5,210357.04,204217.24,211688.9,219383.1,218932.01,208879.02,197633.26,167400.44,141124.97,127531.8,111509.01,102538.22,103720.26,106645.13,105945.28,103079.24,100530.73,95350.48,82826.23,70974.12,63823.19,58892.82,51460.12,39924.8,35523.96,31406.61,24635.86,17142.47,9862.28,6464.08,4022.26,2011.73,1077.79,319.52,127.48,24.11,2.94,2.33,16.17,1.52,0.16
221104,13:37:18,144367.48,3417.536,94.971,94.971,14381.5,14560.29,17777.01,20911.85,24029.99,27617.97,31981.24,37004.88,43450.82,51898.77,60754.68,71534.67,88399.11,108619.69,123242.42,138384.04,157822.54,170264.34,177125.48,191942.38,213473.04,228629.23,237906.73,245494.75,244812.19,211784.93,177619.06,144392.68,122218.98,109289.81,105704.27,99689.48,94761.85,98988.38,98373.64,95160.91,97515.53,98640.7,93218.99,79599.16,65992.54,56877.86,48887.86,41169.19,32236.54,25898.91,20722.77,15733.69,8799.74,4730.27,2971.97,1374.13,722.71,280.62,80.57,20.95,4.84,20.42,17.74,2.15
221104,13:38:38,159339.841,3048.497,78.393,78.393,31678.3,31025.83,35474.11,40302.59,45609.47,50957.34,57233.79,67421.14,84039.68,104968.96,124408.94,141241.21,155723.73,166997.86,175642.13,182821.81,192861.42,213146.02,229902.84,253914.05,263654.14,253606.27,237260.61,205157.79,171750.81,151119.22,136954.81,119151.66,106369.26,101852.09,99292.34,98229.13,94049.35,94797.06,98423.95,95790.36,88243.92,86648.8,87286.44,81360.12,71718.46,60217.38,45992.21,34192.66,27034.78,19204.46,14120.15,10740.68,6414.91,3639.2,1488.7,852.38,323.02,77.2,56.23,17.43,1.88,0.27,0.03,0
221104,13:39:58,123471.797,3383.276,98.614,98.614,25595.09,25057.55,23632.63,23369.18,24248.41,26187.15,29817.78,34961.56,41325.86,47189.44,51343.72,58543.56,71862.96,89052.13,107536.86,123249.99,139755.62,154145.41,158399.76,161796.14,166735.74,160781.02,159375.79,163652.36,161188.55,152528.42,145062.21,130705.27,115423.37,99298.87,83341.62,78621.19,76905.29,77295.44,80669.02,84794.06,86418.93,90064.65,90230.38,85091.63,77495.68,67627.45,60808.27,49629.13,35292.55,26424.21,19170.85,14423.5,10405.17,6949.01,2962.93,1556.15,549.86,149.51,54.5,5.86,3.09,20.24,15.67,1.91
221104,13:41:19,140600.919,3057.632,79.57,79.57,20351.65,19879.92,23093.66,27196.16,32140.24,37674.22,44755.08,53263.27,60002.82,63852.49,66790.13,71105.04,76441.9,84653.65,98758.96,112130.36,122162.65,132374.62,145272.92,161706.81,183764.07,218454.31,236704.5,237736.38,238317.45,230429.22,201774.75,181865.63,163691.15,147016.51,125273.73,109181.12,102616.88,92847.62,87392.34,80771.44,75655.1,75321.41,69428.1,67197.83,62881.11,57315.26,49891.27,40216.5,32194.96,20975.86,15138.57,9895.29,6707.63,3401.06,1709.31,921.76,228.49,87.87,28.72,54.41,19.43,3.86,15.58,1.67
221104,13:42:39,143612.161,3364.073,93.95,93.95,26463.19,26869.57,27995.27,29866.91,32826.21,37918.7,45367.38,53307.27,60314.46,68071.38,79775.08,92802.52,104353.42,114459.51,124637.27,143545.82,170221.45,191146.96,208395.15,216843.52,222013.71,209497.57,178163.85,154541.78,146381.66,146960.42,145839.49,134981.83,125231.32,122409.09,121641.8,114469.1,115322.21,116075.01,111787.41,105165.49,98679.26,90474.17,76085.79,65621.71,57214.07,51638.77,48365.96,45514.87,36297.34,29289.53,22152.47,13113.78,8774.19,5889.79,3259.64,1218.37,500.3,107.15,25.5,17.45,1.71,0.4,1.68,15.83
221104,13:43:59,152803.245,3029.96,77.419,77.419,31037.9,30484.55,33911.71,37638.96,42058.26,47683.57,54068.05,59678.35,63810.56,69782.31,82144.12,100211.69,122196.74,150911.37,176735.94,190481.69,191722.54,181498.07,176343.71,179183.78,190668.41,202328.22,213503.85,219302.14,220819.98,211642.38,186067.71,156907.8,141729.68,121363.13,107481.27,103437.42,104403.31,102966.87,101005.29,99279.64,95590.63,92904.14,84801.96,73298.37,57658.76,45649.17,37678.39,33094.14,29044.45,22594.95,16681.55,9508.76,6031.85,3444.95,1836.86,730.36,258.92,47.37,77.15,58.63,18.25,1.95,0.21,0.02
221104,13:45:20,117168.726,3397.36,97.694,97.694,11070.7,9466.4,14062.17,18487.1,22409.4,26550.11,32333.89,38857.83,44641.72,51627.49,60485.59,69815.01,79277.79,90191.98,102535.63,110878.05,111178.99,116395.43,119040.82,120672.81,125516.48,130389.36,132257.19,140171.8,142694.08,144569.96,145038.32,126557.34,109501.82,98021.96,96521.01,95183.74,90523.39,90233.05,91988.24,93633.04,94915.46,98742,99952.45,90261.83,80606.4,71290.73,55975.53,40203.64,31837.67,27931.96,21297.52,15970.93,9752.96,5316.98,2897.54,1498.17,526.98,131.02,14.09,1.93,0.29,0.18,1.49,13.4
221104,13:46:40,144839.455,3065.686,82.091,82.091,34057.79,34063.63,36914.08,39653.18,42964.24,47207.41,53129.89,62008.45,73805.39,85565.99,93953.45,102798.23,111606.51,119579.61,133580.95,149798.2,162846.72,174692.25,188168.11,193717.34,203947.57,218998.15,218686.92,215821.03,201281.07,170294.89,151693.87,129840.15,114969.14,108797.33,103708.83,94533.96,92581.84,90347.09,85689.36,81640.21,79495.22,77859.66,73879.97,70457.58,66912.89,62594.55,53680.23,41076.75,29526.65,22809.62,17089.39,12424.36,7214.11,3515.63,1702.38,602.78,367.64,70.37,16.32,4.07,18.6,18.05,3.56,16.41
221104,13:48:00,130692.189,3408.612,99.221,99.221,21351.39,21205.11,20779.09,21534.3,23805.08,27188.05,30821.98,34534.24,39122.79,44469.11,51715.68,62029.14,75790.94,94516.77,110404.39,121322.11,136988.63,154251.65,171137.71,183286.51,194803.83,211220.29,210809.92,200908.58,185809.94,175795.07,155231,133092.75,118015.42,100265.46,87415.09,83140.57,85080.35,88027.47,88056.03,87134.5,86700.73,80512.26,74909.85,69304.29,64203.38,58744.75,57097.68,53392.86,43475.77,31632.48,20781.32,15107.01,10833.1,6014.73,2989.32,1365.73,590.32,117.14,22.22,4.99,19.96,18.12,3.44,15.51
221104,13:49:21,147562.338,2920.174,78.314,78.314,37769.04,37080.51,39066.46,42396.96,47861.84,53778.78,57630.29,59420.79,62052.36,68212.35,79077.33,94958.15,111756.17,129354.41,152343.21,178991.99,197206.83,215191.07,228546.23,244287.29,244689.66,236754.89,232722.93,211545.75,188852.34,165372.2,139554.67,118251.74,100616.6,91101.6,90237.84,84946.32,81252.72,79575.61,81427.21,81108.73,81264.54,78527.13,73838.26,68131.35,59898.51,48731.72,44275.75,38099.62,30904.36,24895.47,16243.43,9804.49,6591.09,3886.02,2083.04,810.84,407.92,155.32,59.75,23.18,20.24,17.31,1.75,0.21
221104,13:50:41,136794.065,3296.83,94.419,94.419,22908.66,22955.69,25096.27,27630.77,31021.47,35396.43,40481.21,45881.64,51815.19,59690.29,70654.18,82912.94,94050.89,104862.12,112833.11,117998.32,128543.52,141684.31,154282.3,179865.26,204191.67,219603.86,224299.07,218793.36,202954.71,185759.73,163075.06,145741.29,131234.21,117866.71,107627.75,99675.22,89677.94,84653.19,84804.23,83504.93,81145.31,79668.69,74194.23,66939.76,63603.58,56196.03,47560.78,42177.69,33340.27,29129.2,22864.67,15934.1,9647.99,6500.32,3445.9,1374.73,648.68,155.09,20.39,17.26,1.68,0.24,0.03,0
221104,13:52:01,155469.245,2985.559,78.363,78.363,28247.53,27453.04,31614.65,35507.77,40072.62,46777.94,55273.83,64377.1,73782.52,82833.56,91694.3,99844.38,107665.07,118747.78,131215.14,140452.32,156775.89,180487.45,206292.04,233289.09,260472.18,292625.58,293941.93,273485.47,245488.38,204661.33,162929.33,142941.33,122548.15,111306.57,103020.23,97351.6,96152.67,96689.71,99008.98,93780.11,87258.21,82694.99,72478.88,59178.38,53359.98,46229.48,37350.58,33131.22,29324.34,22562.58,17616.15,11753.28,6232.14,3820.37,1711.93,925.16,244.48,114.49,70.7,7.05,3.4,21.55,52.82,28.96
221104,13:53:22,127378.084,3236.858,92.744,92.744,18618.03,18645.83,20713.92,22503.15,24912.6,29141.51,34209.57,38711,44109.31,50804.95,58862.41,66433.87,75501.97,87456.86,101926.61,121171.03,144454.41,160628.69,174462.59,186700.94,188997.01,199979.47,206364.37,202247.16,184842.45,155714.22,126945.42,105032.36,87774.25,84859.62,84850.05,84696.36,85004.08,90934.53,95892.6,90958.79,88991.76,91054.69,86419.17,74805.74,63843.73,55873.03,47861.63,40727.13,35143.47,26783.67,19921.21,16247.64,10126.51,5870.05,2894.35,1332.28,555.72,161.49,27.75,3.29,0.46,0.06,0.01,0
221104,13:54:42,150376.345,2880.941,77.16,77.16,31315.64,29992.34,30244.98,32359.55,38352.38,49455.31,65478.49,83904.15,100399.16,110779.87,114730.11,117602.94,121454.78,127854.79,137064.36,158689.56,186021.86,206399.62,219839.45,236975.01,245438.87,243287.3,244100.44,237439.03,210618.93,174408.19,141749.22,113788.87,96182.31,87978.53,84285.66,81047.98,80638.34,77421.25,79292.26,82595.55,85914.25,73659.73,70780.39,67796.21,61412.45,52091.91,40538.12,32454.19,27563.4,21812.6,16556.62,11240.85,7820.23,4226.62,1810.75,971.05,363.1,120.75,15.78,19.68,17.55,3.93,16.92,1.47
221104,13:56:02,117180.118,3126.532,94.259,94.259,18676.94,18532.55,21912.97,25103.54,27128.67,28728.75,32148.7,37608.22,43949.19,50448.34,55903.3,62023.1,72257.31,85046.38,96787.14,107933.87,119741.66,130494.06,142902.44,157495.18,172727.79,188254.08,192099.91,193539.51,186907.33,171038.53,139217.01,108329.11,88447.58,78262,68421.74,68852.33,71531.03,70062.24,68812.46,67923.68,70477.43,64890.95,63770.16,64338.59,65668.64,60719.85,54269.06,45669.87,37610.53,29057.46,19756.43,14336.86,10953.89,7393.01,3665.27,1748.04,651.05,168.68,87.26,8.81,1.22,0.17,0.02,0
221104,13:57:23,125287.67,2789.033,78.755,78.755,28997.17,28372.82,29597.02,31553.44,35711.59,43111.73,53963.78,66734,78643.06,88224.59,95046.83,101212.06,108507.06,116894.65,125450.93,134632.95,146925.79,157816.48,168162.86,176717.59,179564.53,187224.5,182409.74,169116.3,149201.59,129930.78,109678.02,98291.25,85580.98,79564.6,71249.22,72057.74,70127.56,75081.63,76793.49,74271.45,74555.66,68379.63,65790.47,61069.47,53909.31,51061.97,47853.52,38813.94,33881.2,24928.79,17660.8,10872.75,7897.13,4560.11,2218.32,1152,270.73,131.22,13.38,3.83,16.94,1.46,0.21,0.02
221104,13:58:43,130840.836,3156.427,95.017,95.017,20416.91,20320.54,21035.69,22567.59,25182.07,29114.42,34303.73,40678.78,48960.68,59821.8,73629.91,88658.19,102014.9,112990.9,121382.52,127645.83,137713.08,154547.13,172295.27,191726.53,211238.92,212373.6,214589.19,218728.25,213102.35,195512.43,169345.21,135644.33,104758.09,85599.84,73677.79,65002.45,66086.82,66782.63,63922.93,66788.39,66160.16,66041,67513.77,62322.78,58922.43,53062.37,45943.79,43654.14,35203.02,31903.26,23022.05,14900.4,10859.78,6854.03,4094.89,2065.48,745.11,260.17,83.59,25.73,17.67,1.77,0.24,0.03
221104,14:00:03,129264.418,2856.905,80.715,80.715,29913.12,31004.5,32966.55,35414.07,39230.89,44433.74,49715.4,54645.48,61826.32,71571.76,80769.61,88713.95,98306.3,109485.74,123218.19,133577.75,148807.84,170100.53,189032.01,194931.38,198165.47,199528.65,190176.37,180603.93,165268.32,144888.97,129340.06,111417.9,89865.28,82410.03,80131.18,80493.94,81751.25,80980.81,83279.88,82423.16,75560.05,72804.53,67627.35,57480.8,49062.57,46296.14,40215.25,35485.27,31158.96,26228.82,21473.93,13585.81,8631.13,4835.93,2160.92,1113.29,394.43,86.46,66.19,6.32,0.87,0.12,0.01,0
221104,14:01:24,121488.376,3101.763,93.992,93.992,20901.38,20990.89,22848.94,25160.43,28747.39,34314.35,41505.97,48730.64,55112.17,61152.3,67822.28,76032.13,85641.44,98360.42,110124.32,114165.85,120602.53,132961.37,147488.99,156697.89,172535.44,187571.73,201020.03,195667.59,178692.94,162319.07,137732.02,109914.37,96957.23,89392.51,80003.12,71697.23,66936.67,70856.88,71797.5,71527.65,74163.32,74282.75,72708.17,66135.99,59210.31,51773.46,45151.08,36507.64,30870.16,27795.66,22001.75,18075.39,11231.15,7217.84,4277.88,2130.31,845.7,182.58,20.17,2.8,0.4,0.06,0.01,0
221104,14:02:44,122857.551,2601.132,75.278,75.278,29952.64,30307.26,35039.22,39025.73,42946.13,47986.9,54074.72,60750.98,68197.07,75794.93,82126.76,88783.32,97930.24,106343.41,115431.91,131133.83,152399.8,170998.67,188174.05,202320.26,202188.45,206274.79,199251.21,179123.49,147065.9,122012.79,105825.76,86870.57,76100.18,71209.92,68235.83,65121.46,65909.23,68224.05,67540.49,67571.38,65041.59,62197.11,60123.52,55422.2,50770.31,45278.92,36825.46,31828.91,25999.9,22630.19,17136.61,12387.4,9325.42,5375.94,2278.49,1061.62,453.96,116.14,76.14,49.85,7.34,17.02,3.63,19.03
221104,14:04:04,109118.582,2966.834,92.642,92.642,22602.61,23901.6,25006,26460.89,28976.95,32990.61,38087.98,43575.82,49676.2,57056.11,64239.16,69941.59,75278.07,83151.32,90664.71,97326.1,103820.68,112842.38,124974.8,142317.8,148809.33,151055.76,156923.91,161052.24,154645.09,144089.99,129535.33,115152.49,99036.38,82479.02,76036.77,69775.88,63855.99,59952.12,62502.14,64874.08,62133.39,62925.4,63924.24,60556.76,57335.48,52919.29,44722.72,39415.94,32873.18,24799.74,20740.18,16161.15,11777.84,8738.11,4500.95,1918.17,886.26,320.89,48.87,18.58,1.97,0.27,0.04,0
221104,14:05:25,63801.928,1817.781,55.377,55.377,21036.31,19738.25,17925.26,16968.18,17531.92,19934.98,23926.92,28391.02,32156.46,35290.83,38823.72,43938.23,49421.31,54678.6,63998.51,73202.41,78621.17,79410.5,77509.62,77144.12,75606.12,72445.51,65087.16,61337.2,56197.1,49065.4,46786,47888.81,47323.89,47042.42,45725.88,49202.71,48459.56,49160.76,50781.97,50611.09,51198.47,47591.2,42747.65,39535.83,36667.72,32128.96,29495.95,24044.42,21449.97,16848.28,12495.32,9822.97,6289.56,3905.4,1967.78,897.25,323,146.55,18.08,16.63,1.86,2.17,17.69,1.59
221104,14:06:45,26548.443,1423.252,48.303,48.303,1301.71,1402.71,1235.68,1067.73,1018.14,1138.89,1522.79,2165.04,2762.81,3196.93,3715.83,4830.05,6638.35,7169.22,7703.72,9366.65,10418.22,12009.63,14066.54,13849.55,16457.34,20027.23,21204.81,22720.56,25689.86,26274.19,25758.12,27648.08,29251.4,28361.3,29765.02,31124.71,30983.64,30793.19,32579.85,32841.79,30655.53,31178.83,33148.46,31103.49,29165.4,27560.76,25328.33,21348.07,17987.1,14985.51,10905.7,8303.08,6298.14,3818.33,2849.32,1078.15,606.05,154.19,16.34,2.34,0.32,0.05,0.01,0
221104,14:08:05,19282.316,822.142,25.714,25.714,1086.58,1026.05,1163.31,1233.78,1206.66,1257.38,1479.69,1872.18,2455.03,3107.23,3839.22,4976.85,5870.01,6409.14,7772.89,9161.4,10163.55,11211.14,12747.08,14628.21,14808.57,15839.47,18248.08,19301.46,19651.7,20053.75,20978.55,21363.12,21567.27,22152.19,23045.97,22356.74,23361.16,24198.24,23565.3,23759.78,23076.52,22804.92,20381.16,21016.58,18025.07,16415.53,13334.1,11427.46,8521.4,7349.18,5628.15,4492.23,2646.79,1890.34,844.75,536.8,168.18,81.64,52.65,7.65,17.42,1.62,0.22,0.03
221104,14:09:26,11151.765,636.8,21.977,21.977,0,0,125.29,178.44,131.54,103.38,122.28,156.31,212,376.1,663.68,797.61,935.32,1247.88,1796.66,2112.34,2559.07,3431.66,4095.86,4925.24,6210.2,6704.92,7282.56,9156.4,10428.91,11236.22,12298.29,13453.82,14104.28,13175.33,14116.83,14738.08,13685.7,14556.15,15568.62,15789.85,15049.01,14402.02,13822.61,13112,11464.66,11838.4,11244.64,10210.44,7991.31,6191.9,5616.76,3843.24,2593.83,1867,1257.62,406.72,138.69,57.28,40.47,4.2,0.58,0.3,2.47,23.96
221104,14:10:46,7873.568,344.906,10.19,10.19,122.54,96.83,67.27,72.41,97.28,104.84,124.49,180.3,240.46,282.64,388.09,701.72,908.89,944.94,1026.57,1283.69,1817.56,2751.51,3784.54,4453.65,5081.89,5464.19,6818.64,8077.52,9507.85,9976,10045.9,10795.42,10742.47,10400.53,10184.72,11804.97,10688.35,10745.58,11373.26,11089.33,10807.22,9938.99,8978.11,8373.67,7487.72,7201.21,6163.76,5517.48,4166.86,2850.65,2057.01,1328.91,1020.3,693.06,275.33,133.36,65.12,6.22,0.87,0.12,0.02,0,0,0
221104,14:12:06,4589.509,276.617,9.435,9.435,0,0,0.05,0.22,0.78,2.64,8.66,20.42,30.52,60.51,130.42,209.93,195.38,118.56,133.21,96.42,231.05,522.55,639.62,952.19,1728.72,2052.16,2680.55,2807.18,2899.72,4616.6,4813.83,4796.86,6234.62,6445.98,6567.3,6941.44,6964.47,6516.19,6686.09,7201.8,7291.83,6596.84,6194.05,5951.43,5491.7,5538.97,4733.2,4421.04,3465.51,2706.89,1965.85,1382.13,1057.23,794.02,399.7,259.41,265.05,34.07,4.25,0.58,0.08,0.01,0,0
221104,14:13:27,2762.346,124.107,3.632,3.632,0,0,0,0.01,0.04,0.16,0.65,2.52,9.67,30.93,62.97,91.29,112.34,180.42,176.21,223.12,351.87,540.98,755.45,1231.22,1210,1395.64,1615.98,2089.03,2561.47,2976.09,3594.07,3874.24,4666.2,5406.63,4625.27,4252.8,4972.74,4540.14,4475.25,4641.8,3738.79,3281.88,2936.17,2792.22,2173.5,2727.68,2295.39,1885.94,1220.03,1329.55,774.47,535.22,367.05,207.78,72.81,18.1,1.97,2.05,17.08,1.53,0.19,0.02,0,0
221104,14:14:47,1589.896,96.651,3.117,3.117,0,0,0,0,0,0,0.02,0.11,0.48,2.02,8.52,21.47,8.51,6.93,17.68,20.05,30.08,114.82,254.06,240.28,389.21,395.52,457.74,531.94,707.16,1090.04,1758.03,1792.11,1818.77,2271.94,2701.32,2869.98,3329.13,2418.43,2463.97,2350.4,2635.57,2181.22,1857.58,2119.79,2181.87,1746.55,1655.36,1634.54,1637.25,1082.11,781.01,551.39,412.33,202.05,94.06,47.88,4.42,0.6,0.08,0.01,0,0,0,0
221104,14:16:07,1021.243,50.838,1.552,1.552,0,0,0,0,0,0,0,0,0,0.02,0.08,0.4,1.92,9.55,43.3,97.98,57.02,70.29,96.22,95.81,162.74,272.25,507.98,724.64,791.42,947.83,795.63,1569.46,1472.66,2029.43,2088.45,1995.24,2179.72,1723.36,1584.9,1697.49,1541.43,1395.61,1206.55,1154.59,1202.41,830.23,851.89,787.55,596.34,346.86,385.49,208.18,190.57,86.46,25.15,54.07,17.36,1.74,0.24,0.03,0,0,0,0
221104,14:17:28,673.458,38.67,1.153,1.153,0,0,0,0,0,0,0,0,0,0.01,0.05,0.24,1.14,5.6,18.8,12.39,15.5,8,25.35,115.72,39.98,84.58,128.75,121.02,207.7,332.03,334.44,508.66,755.76,980.49,893.26,1295.53,1490.99,1431.73,1041.89,1453.21,1697.89,1127.92,1161.71,888.13,642.31,871.75,737.85,564.35,684.72,427.51,222.05,179.28,56.63,55.28,47.93,4,0.53,0.07,0.01,0,0,0,0,0
221104,14:18:48,356.123,18.612,0.558,0.558,0,0,0,0,0,0,0,0,0,0,0,0,0,0.03,0.14,0.77,4.41,21.36,41.69,88.35,65.85,46.61,46.73,64.54,186.6,177.62,388.17,512.75,528.15,478.67,688.17,721.32,827.54,912.68,591.37,567.39,660.17,693.1,433.75,270.48,263.41,342.13,466.49,204.32,179.49,204.27,153.16,128.66,26.66,48.19,16.76,1.57,0.21,0.02,0,0,0,0,0,0
221104,14:20:08,222.431,13.182,0.387,0.387,0,0,0,0,0,0,0,0,0,0,0,0,0.01,0.03,0.15,0.82,4.7,18.8,3.56,0.81,1.6,9,18.91,49.29,85.77,125.82,172.48,122.3,244.74,214.8,268.73,223.6,337.03,521.3,620.07,644.54,305.99,419.65,412.2,384.55,302.45,268.72,249.04,210.35,185.87,174.35,74.59,81.23,20.93,14.96,1.33,0.16,0.02,0,0,0,0,0,0,0
221104,14:21:29,151.251,7.271,0.19,0.19,0,0,0,0,0,0,0,0,0,0,0.01,0.05,0.27,1.35,7.05,29.19,25.95,7.16,13.1,58.56,22.54,11.78,41.29,41.16,133.43,72.73,135.68,140.41,150.91,120.76,217.99,304.17,167.26,269.47,334.9,256.15,436.52,405.82,254.41,285.55,211.02,148.11,70.19,82.72,82.81,71.77,74.24,5.4,0.65,0.08,0.01,0,0,0,0,0,0,0,0,0
221104,14:22:49,109.68,8.94,0.355,0.355,0,0,0,0,0,0,0,0,0,0,0,0,0,0,0,0.01,0.05,0.32,2.02,13.49,75.49,63.05,8.63,1.87,2.58,3.01,16.93,7.85,27.07,95.87,147.4,137.51,257.33,223.12,228.41,180.2,192.51,281,237.17,250.64,125.29,101.31,123.89,166.41,53.49,66.87,45.51,3.56,1.36,10.93,125.7,24.01,1.79,0.16,0.02,0,0,0,0,0
221104,14:24:09,87.576,4.826,0.129,0.129,0,0,0,0,0,0,0,0,0,0,0,0.01,0.04,0.2,1.07,5.88,21.75,4.41,0.76,0.13,0.03,0.02,0.12,0.91,6.41,10.91,32.92,42.84,26.24,53.21,144.66,161.95,172.65,126.1,334.56,273.07,198.69,183.01,93.05,170.12,200.04,100.41,66.03,68.58,103.95,25.13,42.98,3.14,0.37,0.05,0.01,0,0,0,0,0,0,0,0,0
221104,14:25:30,49.801,3.529,0.119,0.119,0,0,0,0,0,0,0,0,0,0,0,0,0.01,0.03,0.18,1,5.79,27,22.33,3.72,0.91,2.39,13.79,14.78,65.15,9.77,8.57,11.43,75.81,23.15,33.04,32.65,71.51,35.12,26.91,55.06,98.82,199.7,140.75,117.76,79.63,106.54,46.16,64.71,6.29,11.79,20.34,42.18,5.26,13.31,12.54,1.02,0.15,0.01,0,0,0,0,0,0
221104,14:26:50,21.531,1.756,0.09,0.09,0,0,0,0,0,0,0,0,0,0,0,0,0,0,0,0,0,0,0,0.01,0.05,0.35,2.73,16.86,2.3,2.45,18.04,42.63,4.71,3.45,25.06,15.12,48.89,4.97,10.74,66.5,69.4,53.53,32.07,39.34,49.94,48.12,22.07,56.98,4.36,0.52,0.06,0.01,0,0,0,0,0,0.03,0.6,9.51,0.51,0.05,0.01,0
221104,14:28:11,11.346,0.455,0.009,0.009,0,0,0,0,0,0,0,0,0,0,0,0,0,0,0,0,0,0,0,0,0,0.03,0.27,2.17,14.35,1.63,0.38,1.71,14.95,13.77,14.28,41.23,8.09,2.24,15.07,44.98,68.24,48.91,14.09,14.09,16.99,14.27,1.07,0.12,0.01,0,0,0,0,0,0,0,0,0,0,0,0,0,0,0
221104,14:29:31,12.375,0.392,0.008,0.008,0,0,0,0,0,0,0,0,0,0,0,0,0.01,0.03,0.16,0.88,5.08,20.47,3.91,1.01,2.72,13.94,2.42,2.94,16.35,4.83,20.92,55.71,5.18,0.84,1.73,16.65,52.07,51.62,10.3,1.44,6.66,5.03,47.9,14.36,2.15,15.78,11.66,0.8,0.1,0.01,0,0,0,0,0,0,0,0,0,0,0,0,0,0
221104,14:30:51,13.292,0.678,0.019,0.019,0,0,0,0,0,0,0,0,0,0,0,0,0,0,0.02,0.13,0.76,4.58,19.63,3.38,0.59,0.45,2.81,17.51,5.62,18.29,11.58,1.35,1.77,12.9,3.1,17.09,52.64,35.48,13.28,1.39,4.49,56.04,42.18,4.45,6.56,2.87,38.44,4.6,12.81,14.3,0.88,0.11,0.01,0,0,0,0,0,0,0,0,0,0,0
221104,14:32:12,6.452,0.27,0.006,0.006,0,0,0,0,0,0,0,0,0,0,0,0,0,0,0,0,0,0,0,0,0,0,0,0.03,0.23,2.08,15.51,1.57,0.52,3.73,35.02,3.17,0.37,0.06,0.31,4.48,48.46,33.5,5.56,42.7,2.28,0.27,0.04,0,0,0,0,0,0,0,0,0,0,0,0,0,0,0,0,0
221104,14:33:32,2.072,0.054,0.001,0.001,0,0,0,0,0,0,0,0,0,0,0,0,0,0,0,0,0,0,0.01,0.06,0.42,3.14,18.12,2.33,0.32,0.05,0.01,0,0.01,0.09,1.1,11.04,0.83,0.16,0.98,11.87,2.45,12.98,0.73,0.07,0.01,0,0,0,0,0,0,0,0,0,0,0,0,0,0,0,0,0,0,0
221104,14:34:52,31.127,1.271,0.027,0.027,0,0,0,0,0,0,0,0,0,0,0,0,0,0,0,0,0,0,0,0.01,0.05,0.37,2.84,17.94,4.91,12.95,1.39,0.18,0.08,0.54,5.51,33.15,96.72,126.87,121.1,157.52,144,81.07,25.53,66.55,46.35,3.69,0.5,1.05,13.49,1.03,0.09,0.01,0,0,0,0,0,0,0,0,0,0,0,0
221104,14:36:13,4.447,0.106,0.002,0.002,0,0,0,0,0,0,0,0,0,0,0,0,0,0,0,0,0.01,0.09,0.55,3.64,18.26,2.76,0.77,3.03,21.1,19.45,2.38,2.14,15.16,1.45,0.19,0.02,0,0.01,0.08,1.1,15.05,35.16,2.02,0.19,0.02,0,0,0,0,0,0,0,0,0,0,0,0,0,0,0,0,0,0,0
221104,14:37:33,4.081,0.118,0.002,0.002,0,0,0,0,0,0,0,0,0,0,0,0,0,0,0,0,0,0,0,0,0,0,0,0,0,0.01,0.08,0.79,8.34,74.6,6.19,0.7,0.08,0.01,0.01,0.07,0.96,13.31,13.75,10.76,0.6,0.06,0.01,0,0,0,0,0,0,0,0,0,0,0,0,0,0,0,0,0
221104,14:38:53,2.232,0.039,0.001,0.001,0,0,0,0,0,0,0,0,0,0,0,0,0,0,0,0,0,0,0,0,0,0.04,0.29,2.35,15.52,1.76,0.41,1.85,16.22,14.96,1.37,0.16,0.13,1.48,15.58,1.08,0.11,0.01,0,0,0,0,0,0,0,0,0,0,0,0,0,0,0,0,0,0,0,0,0,0
221104,14:40:14,0.73,0.005,0,0,0,0,0,0,0,0,0,0,0,0,0,0,0,0,0,0,0,0,0.01,0.06,0.44,3.21,18.51,2.37,0.33,0.05,0.01,0,0,0,0,0,0,0,0,0,0,0,0,0,0,0,0,0,0,0,0,0,0,0,0,0,0,0,0,0,0,0,0,0
221104,14:41:34,1.783,0.081,0.002,0.002,0,0,0,0,0,0,0,0,0,0,0,0,0,0,0,0,0,0,0,0,0,0,0,0,0,0,0,0,0,0.01,0.08,0.93,9.78,0.77,1.05,11.72,1.97,14.65,2.13,10.66,0.81,0.08,0.01,0,0,0,0,0,0,0,0,0,0,0,0,0,0,0,0,0
221104,14:42:54,0.503,0.011,0,0,0,0,0,0,0,0,0,0,0,0,0,0,0,0,0,0,0,0,0,0,0,0,0,0,0,0,0,0,0.01,0.12,1.36,13.61,1.01,0.11,0.01,0,0,0,0,0,0,0,0,0,0,0,0,0,0,0,0,0,0,0,0,0,0,0,0,0
221104,14:44:15,0.449,0.017,0,0,0,0,0,0,0,0,0,0,0,0,0,0,0,0,0,0,0,0,0,0,0,0,0,0,0,0,0,0,0,0,0,0,0.01,0.07,0.99,12.02,0.74,0.07,0.01,0,0,0,0,0,0,0,0,0,0,0,0,0,0,0,0,0,0,0,0,0
221104,14:45:35,1.17,0.015,0,0,0,0,0,0,0,0,0,0,0,0,0,0,0,0,0,0,0,0,0,0,0,0,0,0.03,0.24,2.2,16.39,1.8,1.91,14.86,1.23,0.16,0.02,0,0,0,0,0,0,0,0,0,0,0,0,0,0,0,0,0,0,0,0,0,0,0,0,0,0,0
221104,14:46:55,0.441,0.019,0,0,0,0,0,0,0,0,0,0,0,0,0,0,0,0,0,0,0,0,0,0,0,0,0,0,0,0,0,0,0,0,0,0,0,0,0.06,0.92,11.75,0.69,0.07,0.01,0,0,0,0,0,0,0,0,0,0,0,0,0,0,0,0,0,0,0,0
221104,14:48:16,1.442,0.09,0.003,0.003,0,0,0,0,0,0,0,0,0,0,0,0,0,0,0,0,0,0,0,0,0,0,0,0,0.02,0.21,1.99,15.83,1.47,0.18,0.02,0,0,0,0,0.04,0.64,8.52,0.48,0.05,0.01,0.06,1.17,12.71,0.61,0.06,0.01,0,0,0,0,0,0,0,0,0,0,0,0,0
221104,14:49:36,0.957,0.079,0.003,0.003,0,0,0,0,0,0,0,0,0,0,0,0,0,0,0,0,0,0,0,0,0,0,0,0,0,0.02,0.18,1.79,15.1,1.32,0.15,0.02,0,0,0,0,0,0,0,0,0,0,0,0.03,0.56,9.43,0.44,0.04,0,0,0,0,0,0,0,0,0,0,0,0
